id	label	rarity	tier	category	depth	definition
0	entity	25	common	noun.Tops	0	that which is perceived or known or inferred to have its own distinct existence (living or nonliving)
1	abstraction	34	common	noun.Tops	1	a general concept formed by extracting common features from specific examples
2	physical entity	36	common	noun.Tops	1	an entity that has physical existence
3	thing	53	common	noun.artifact	1	an entity that is not named specifically
4	attribute	38	common	noun.Tops	2	an abstraction belonging to or characteristic of an entity
5	communication	37	common	noun.Tops	2	something that is communicated by or to or between people or groups
6	event	34	common	noun.Tops	2	something that happens at a given place and time
7	group	31	common	noun.Tops	2	any number of entities (members) considered as a unit
8	measure	26	common	noun.Tops	2	how much there is or how many there are of something that you can quantify
9	otherworld	65	ordinary	noun.cognition	2	an abstract spiritual world beyond earthly reality
10	psychological feature	41	common	noun.Tops	2	a feature of the mental life of a living organism
11	relation	32	common	noun.Tops	2	an abstraction belonging to or characteristic of two entities or parts together
12	set	46	common	noun.group	2	(mathematics) an abstract collection of numbers or symbols
13	causal agent	34	common	noun.Tops	2	any entity that produces an effect or is responsible for events or results
14	matter	36	common	noun.Tops	2	that which has mass and occupies space
15	object	29	common	noun.Tops	2	a tangible and visible entity; an entity that can cast a shadow
16	process	39	common	noun.Tops	2	a sustained phenomenon or one marked by gradual changes through a series of states
17	substance	63	ordinary	noun.substance	2	material of a particular kind or constitution
18	change	67	specific	noun.artifact	2	a thing that is different
19	everything	65	ordinary	noun.artifact	2	all things that are of importance to a person
20	freshener	65	ordinary	noun.artifact	2	anything that freshens
21	go-to	67	specific	noun.artifact	2	an action or object one always chooses first
22	horror	63	ordinary	noun.artifact	2	something that inspires horror; something horrible
23	instalike	65	ordinary	noun.artifact	2	something that is so good that it deserves to be instantly voted for on social media
24	jimdandy	57	common	noun.artifact	2	something excellent of its kind
25	must-see	67	specific	noun.artifact	2	something which is considered required to see
26	pacifier	63	ordinary	noun.artifact	2	anything that serves to pacify
27	security blanket	65	ordinary	noun.artifact	2	anything that an adult person uses to reduce anxiety
28	stinker	63	ordinary	noun.artifact	2	anything that gives off an offensive odor (especially a cheap cigar)
29	whacker	61	ordinary	noun.artifact	2	something especially big or impressive of its kind
30	ballast	67	specific	noun.attribute	3	an attribute that tends to give stability in character and morals; something that steadies the mind or feelings
31	character	67	specific	noun.attribute	3	(genetics) an attribute (structural or functional) that is determined by a gene or group of genes
32	cheerfulness	52	common	noun.attribute	3	the quality of being cheerful and dispelling gloom
33	common denominator	70	technical	noun.attribute	3	an attribute that is common to all members of a category
34	depth	71	technical	noun.attribute	3	the attribute or quality of being deep, strong, or intense
35	eidos	67	specific	noun.attribute	3	(anthropology) the distinctive expression of the cognitive or intellectual character of a culture or a social group
36	ethos	67	specific	noun.attribute	3	(anthropology) the distinctive spirit of a culture or an era
37	human nature	71	technical	noun.attribute	3	the shared psychological attributes of humankind that are assumed to be shared by all human beings
38	inheritance	60	common	noun.attribute	3	any attribute or immaterial possession that is inherited from ancestors
39	personality	55	common	noun.attribute	3	the complex of all the attributes — behavioral, temperamental, emotional and mental — that characterize a unique individual
40	property	40	common	noun.attribute	3	a basic or essential property shared by all members of a class
41	quality	37	common	noun.attribute	3	an essential and distinguishing attribute of something or someone
42	shape	38	common	noun.Tops	3	the spatial arrangement of something as distinct from its substance
43	space	46	common	noun.Tops	3	the unlimited expanse in which everything is located
44	state	37	common	noun.Tops	3	the way something is with respect to its main attributes
45	time	53	common	noun.Tops	3	the continuum of experience in which events pass from the future through the present to the past
46	trait	46	common	noun.attribute	3	a distinguishing feature of your personal nature
47	uncheerfulness	65	ordinary	noun.attribute	3	not conducive to cheer or good spirits
48	auditory communication	49	common	noun.communication	3	communication that relies on hearing
49	contagion	65	ordinary	noun.communication	3	the communication of an attitude or emotional state among a number of people
50	didacticism	68	specific	noun.communication	3	communication that is suitable for or intended to be instructive
51	display	59	common	noun.communication	3	exhibiting openly in public view
52	document	53	common	noun.possession	3	a written account of ownership or obligation
53	expressive style	47	common	noun.communication	3	a way of expressing something (in language or art or music etc.) that is characteristic of a particular person or group of people or period
54	indication	41	common	noun.communication	3	something that serves to indicate or suggest
55	language	34	common	noun.communication	3	a systematic means of communicating by the use of sounds or conventional symbols
56	message	52	common	noun.communication	3	a communication (usually brief) that is written or spoken or signaled
57	paralanguage	64	ordinary	noun.communication	3	the use of manner of speaking to communicate particular meanings
58	psychic communication	56	common	noun.communication	3	communication by paranormal means
59	publication	67	specific	noun.act	3	the communication of something to the public; making information generally known
60	sign	54	common	noun.communication	3	a public display of a message
61	signal	33	common	noun.communication	3	any nonverbal action or gesture that encodes a message
62	visual communication	54	common	noun.communication	3	communication that relies on vision
63	voice	39	common	noun.communication	3	the sound made by the vibration of vocal folds modified by the resonance of the vocal tract
64	written communication	39	common	noun.communication	3	communication by means of written symbols (either printed or handwritten)
65	act	28	common	noun.Tops	3	something that people do or cause to happen
66	hackathon	67	specific	noun.event	3	an event involving a marathon coding session
67	happening	34	common	noun.event	3	an event that happens
68	makeup	63	ordinary	noun.event	3	an event that is substituted for a previously cancelled event
69	might-have-been	73	obscure	noun.event	3	an event that could have occurred but never did
70	migration	66	ordinary	noun.event	3	(chemistry) the nonrandom movement of an atom or radical from one place to another within a molecule
71	miracle	64	ordinary	noun.event	3	a marvellous event manifesting a supernatural act of a divine agent
72	nonevent	68	specific	noun.event	3	an anticipated event that turns out to be far less significant than was expected
73	social event	53	common	noun.event	3	an event characteristic of persons forming groups
74	zap	68	specific	noun.event	3	a sudden event that imparts energy or excitement, usually with a dramatic impact
75	actinoid	61	ordinary	noun.substance	3	any of a series of radioactive elements with atomic numbers 89 through 103
76	arrangement	45	common	noun.group	3	an orderly grouping (of things or persons) considered as a unit; the result of arranging
77	association	66	ordinary	noun.group	3	(ecology) a group of organisms (plants and animals) that live together in a certain geographical region and constitute a community with a few dominant species
78	biological group	54	common	noun.group	3	a group of plants or animals
79	circuit	68	specific	noun.group	3	(law) a judicial division of a state or the United States (so-called because originally judges traveled and held court in different locations); one of the twelve groups of states in the United States that is covered by a particular circuit court of appeals
80	citizenry	57	common	noun.group	3	the body of citizens of a state or country
81	collection	32	common	noun.group	3	several things grouped together or considered as a whole
82	community	57	common	noun.group	3	(ecology) a group of interdependent organisms inhabiting the same region and interacting with each other
83	edition	65	ordinary	noun.group	3	all of the identical copies of something offered to the public at the same time
84	electron shell	71	technical	noun.group	3	a grouping of electrons surrounding the nucleus of an atom
85	ethnic group	57	common	noun.group	3	people of the same race or nationality who share a distinctive culture
86	halogen	61	ordinary	noun.substance	3	any of five related nonmetallic elements (fluorine or chlorine or bromine or iodine or astatine) that are all monovalent and readily form negative ions
87	kingdom	70	technical	noun.group	3	a basic group of natural objects
88	mineral association	71	technical	noun.group	3	minerals that can be found together in a rock.
89	multitude	47	common	noun.group	3	the common people generally
90	people	45	common	noun.group	3	(plural) any group of human beings (men or women or children) collectively
91	population	62	ordinary	noun.group	3	a group of organisms of the same species inhabiting a given area
92	race	59	common	noun.group	3	people who are believed to belong to the same genetic stock
93	rare earth	55	common	noun.substance	3	any element of the lanthanide series (atomic numbers 57 through 71)
94	sainthood	65	ordinary	noun.group	3	saints collectively
95	series	71	technical	noun.group	3	a group of postage stamps having a common theme or a group of coins or currency selected as a group for study or collection
96	social group	45	common	noun.group	3	people sharing some social relation
97	stellar association	71	technical	noun.group	3	a very large, loose grouping of stars that are of similar spectral type and relatively recent origin.
98	straggle	68	specific	noun.group	3	a wandering or disorderly grouping (of things or persons)
99	subgroup	64	ordinary	noun.group	3	a distinct and often subordinate group within a group
100	swarm	61	ordinary	noun.group	3	a group of many things in the air or on the ground
101	system	44	common	noun.group	3	a group of independent but interrelated elements comprising a unified whole
102	varna	61	ordinary	noun.group	3	(Hinduism) the name for the original social division of Vedic people into four groups (which are subdivided into thousands of jatis)
103	world	56	common	noun.animal	3	all of the living human inhabitants of the earth
104	chronostratigraphic unit	71	technical	noun.time	3	a segment of rock formed during a particular interval of geologic time.
105	cordage	66	ordinary	noun.quantity	3	the amount of wood in an area as measured in cords
106	definite quantity	47	common	noun.quantity	3	a specific measure of amount
107	exposure dose	71	technical	noun.quantity	3	a measurement of radiation in relation to its ability to produce ionization.
108	fundamental quantity	45	common	noun.quantity	3	one of the four quantities that are the basis of systems of measurement
109	indefinite quantity	52	common	noun.quantity	3	an estimated quantity
110	magnetization	55	common	noun.quantity	3	the extent or degree to which something is magnetized
111	octane number	67	specific	noun.quantity	3	a measure of the antiknock properties of gasoline
112	playing period	56	common	noun.time	3	(in games or plays or other performances) the time during which play proceeds
113	point	54	common	noun.time	3	an instant of time
114	probability	55	common	noun.attribute	3	a measure of how likely it is that some event will occur; a number expressing the ratio of favorable cases to the whole number of cases possible
115	proof	66	ordinary	noun.quantity	3	a measure of alcoholic strength expressed as an integer twice the percentage of alcohol present (by volume)
116	quantum	65	ordinary	noun.cognition	3	(physics) the smallest discrete quantity of some physical property that a system can possess (according to quantum theory)
117	radical	67	specific	noun.quantity	3	(mathematics) a quantity expressed as the root of another quantity
118	relative quantity	63	ordinary	noun.quantity	3	a quantity relative to some purpose
119	system of measurement	53	common	noun.quantity	3	a system of related measures that facilitates the quantification of some particular characteristic
120	time interval	55	common	noun.time	3	a definite length of time marked off by two instants
121	time unit	55	common	noun.time	3	a unit for measuring time periods
122	value	59	common	noun.possession	3	the amount (of money or goods or services) that is considered to be a fair equivalent for something else
123	volume	57	common	noun.quantity	3	the amount of 3-dimensional space occupied by an object
124	cognition	35	common	noun.Tops	3	the psychological result of perception and learning and reasoning
125	motivation	45	common	noun.Tops	3	the psychological feature that arouses an organism to action toward a desired goal; the reason for the action; that which gives purpose and direction to behavior
126	affinity	59	common	noun.relation	3	a close connection marked by community of interests or similarity in nature or character
127	business relation	65	ordinary	noun.relation	3	a relation between different business enterprises
128	causality	68	specific	noun.relation	3	the relation between causes and effects
129	comparison	64	ordinary	noun.relation	3	relation based on similarities and differences
130	connection	43	common	noun.relation	3	a relation between things or events (as in the case of one causing the other or sharing features with it)
131	control	62	ordinary	noun.relation	3	a relation of constraint of one entity (thing or person or group) by another
132	foundation	57	common	noun.relation	3	the basis on which something is grounded
133	function	67	specific	noun.relation	3	a relation such that one thing is dependent on another
134	interrelation	59	common	noun.relation	3	mutual or reciprocal relation or relatedness
135	kinship	50	common	noun.relation	3	(anthropology) relatedness or connection by blood or marriage or adoption
136	linguistic relation	57	common	noun.relation	3	a relation between linguistic forms or constituents
137	logical relation	63	ordinary	noun.relation	3	a relation between propositions
138	magnitude relation	50	common	noun.relation	3	a relation between magnitudes
139	mathematical relation	57	common	noun.relation	3	a relation between mathematical expressions (such as equality or inequality)
140	opposition	49	common	noun.relation	3	the relation between opposed entities
141	ownership	57	common	noun.possession	3	the relation of an owner to the thing possessed; possession with the right to transfer possession to others
142	part	19	common	noun.relation	3	something determined in relation to something that includes it
143	position	49	common	noun.attribute	3	the spatial property of a place where or way in which something is situated
144	possession	40	common	noun.Tops	3	anything owned or possessed
145	reciprocality	56	common	noun.relation	3	a relation of mutual dependence or action or influence
146	relationship	52	common	noun.relation	3	a relation between people; (‘relationship’ is often used where ‘relation’ would serve, as in ‘the relationship between inflation and unemployment’, but the preferred usage of ‘relationship’ is for human relations or states of relatedness)
147	social relation	60	common	noun.Tops	3	a relation between living organisms (especially between people)
148	temporal relation	65	ordinary	noun.relation	3	a relation involving time
149	unconnectedness	62	ordinary	noun.relation	3	the lack of a connection between things
150	Mandelbrot set	71	technical	noun.group	3	a set of complex numbers that has a highly convoluted fractal boundary when plotted; the set of all points in the complex plane that are bounded under a certain mathematical iteration
151	diagonal	67	specific	noun.group	3	(mathematics) a set of entries in a square matrix running diagonally either from the upper left to lower right entry or running from the upper right to lower left entry
152	domain	62	ordinary	noun.group	3	(mathematics) the set of values of the independent variable for which a function is defined
153	field	67	specific	noun.group	3	(mathematics) a set of elements such that addition and multiplication are commutative and associative and multiplication is distributive over addition and there are two elements 0 and 1
154	image	62	ordinary	noun.group	3	(mathematics) the set of values of the dependent variable for which a function is defined
155	intersection	64	ordinary	noun.shape	3	a point or set of points common to two or more geometric configurations
156	interval	61	ordinary	noun.cognition	3	a set containing all points (or all real numbers) between two given endpoints
157	locus	68	specific	noun.group	3	the set of all points or lines that satisfy or are determined by specific conditions
158	mathematical space	59	common	noun.group	3	(mathematics) any set of points that satisfy a set of postulates of some kind
159	null set	71	technical	noun.group	3	a set that is empty; a set with no members
160	semi-metric space	70	technical	noun.group	3	a generalized metric space in which the distance between two distinct points can be zero.
161	solution	65	ordinary	noun.group	3	the set of values that give a true statement when substituted into an equation
162	subset	68	specific	noun.group	3	a set whose members are members of another set; a set contained within another set
163	universal set	70	technical	noun.group	3	(mathematics) the set that contains all the elements or objects involved in the problem under consideration
164	actor	35	common	noun.person	3	a person who acts and gets things done
165	agent	46	common	noun.object	3	an active and efficient cause; capable of producing a certain effect
166	catalyst	68	specific	noun.person	3	something that causes an important event to happen
167	cause of death	70	technical	noun.state	3	the causal agent resulting in death
168	danger	59	common	noun.state	3	a cause of pain or injury or loss
169	destiny	62	ordinary	noun.person	3	the ultimate agency regarded as predetermining the course of events
170	deus ex machina	73	obscure	noun.person	3	any active agent who appears unexpectedly to solve an insoluble difficulty
171	engine	65	ordinary	noun.phenomenon	3	something used to achieve a purpose
172	first cause	64	ordinary	noun.person	3	an agent that is the cause of all things but does not itself have a cause
173	nature	65	ordinary	noun.person	3	a causal agent creating and controlling things in the universe
174	operator	49	common	noun.person	3	an agent that operates some apparatus or machine
175	organism	33	common	noun.Tops	3	a living thing that has (or can develop) the ability to act or function independently
176	power	60	common	noun.person	3	one possessing or exercising power or influence or authority
177	supernatural	63	ordinary	noun.person	3	supernatural forces and events and beings collectively
178	theurgy	65	ordinary	noun.person	3	the effect of supernatural or divine intervention in human affairs
179	vital principle	61	ordinary	noun.person	3	a hypothetical force to which the functions and qualities peculiar to living things are sometimes ascribed
180	antimatter	67	specific	noun.substance	3	matter consisting of elementary particles that are the antiparticles of those making up normal substances
181	dark matter	69	specific	noun.substance	3	(cosmology) a hypothetical form of matter that is believed to make up 90 percent of the universe; it is invisible (does not absorb or emit light) and does not collide with atomic particles but exerts gravitational force
182	emanation	62	ordinary	noun.substance	3	something that is emitted or radiated (as a gas or an odor or a light, etc.)
183	fluid	52	common	noun.substance	3	continuous amorphous matter that tends to flow and to conform to the outline of its container: a liquid or a gas
184	glop	66	ordinary	noun.substance	3	any gummy shapeless matter; usually unpleasant
185	grey body	67	specific	noun.object	3	a body that emits radiation in constant proportion to the corresponding black-body radiation.
186	pointlike mass	67	specific	noun.substance	3	the concept of either matter that is infinitely small, or an object which can be thought of as infinitely small.
187	residue	59	common	noun.substance	3	matter that remains after something has been removed
188	sediment	57	common	noun.object	3	matter that has been deposited by some natural process
189	sludge	52	common	noun.substance	3	any thick, viscous matter
190	solid	40	common	noun.substance	3	matter that is solid at room temperature and pressure
191	solute	68	specific	noun.substance	3	the dissolved matter in a solution; the component of a solution that changes its state
192	vegetable matter	63	ordinary	noun.substance	3	matter produced by plants or growing in the manner of a plant
193	ylem	67	specific	noun.substance	3	(cosmology) the original matter that (according to the big bang theory) existed before the formation of the chemical elements
194	catch	66	ordinary	noun.object	3	anything that is caught (especially if it is worth catching)
195	charm	59	common	noun.artifact	3	something believed to bring good luck
196	clanker	68	specific	noun.object	3	something that makes a clanking noise.
197	commemorative	68	specific	noun.object	3	an object (such as a coin or postage stamp) made to mark an event or honor a person
198	curio	48	common	noun.artifact	3	something unusual — perhaps worthy of collecting
199	discard	64	ordinary	noun.object	3	anything that is cast aside or discarded
200	draw	63	ordinary	noun.artifact	3	anything (straws or pebbles etc.) taken or chosen at random
201	film	62	ordinary	noun.artifact	3	a thin coating or layer
202	finding	68	specific	noun.object	3	something that is found
203	floater	67	specific	noun.object	3	an object that floats or is capable of floating
204	fomite	65	ordinary	noun.object	3	any inanimate object (as a towel or money or clothing or dishes or books or toys etc.) that can transmit infectious agents from one person to another
205	geological formation	49	common	noun.object	3	(geology) the geological features of the earth
206	growth	69	specific	noun.object	3	something grown or growing
207	hail	66	ordinary	noun.object	3	many objects thrown forcefully through the air
208	head	70	technical	noun.object	3	a rounded compact mass
209	hoodoo	69	specific	noun.artifact	3	something believed to bring bad luck
210	ice	57	common	noun.object	3	the frozen part of a body of water
211	je ne sais quoi	73	obscure	noun.artifact	3	something indescribable
212	keepsake	53	common	noun.artifact	3	something of sentimental value
213	land	40	common	noun.object	3	the solid part of the earth's surface
214	location	38	common	noun.Tops	3	a point or extent in space; a point or extent in space
215	makeweight	62	ordinary	noun.artifact	3	anything added to fill out a whole
216	moon	64	ordinary	noun.object	3	any object resembling a moon
217	neighbor	64	ordinary	noun.object	3	a nearby object of the same kind
218	paring	68	specific	noun.food	3	(usually plural) a part of a fruit or vegetable that is pared or cut off; especially the skin or peel
219	remains	57	common	noun.object	3	any object that is left unused or still extant
220	ribbon	57	common	noun.object	3	any long object resembling a thin line
221	shiner	63	ordinary	noun.object	3	something that shines (with emitted or reflected light)
222	snake	63	ordinary	noun.artifact	3	something long, thin, and flexible that resembles a snake
223	stuff	59	common	noun.artifact	3	miscellaneous unspecified objects
224	triviality	56	common	noun.artifact	3	something of small importance
225	vagabond	66	ordinary	noun.object	3	anything that resembles a vagabond in having no fixed place
226	wall	59	common	noun.object	3	anything that suggests a wall in structure or function or effect
227	web	54	common	noun.object	3	an intricate network suggesting something that was formed by weaving or interweaving
228	whole	37	common	noun.Tops	3	an assemblage of parts that is regarded as a single entity
229	chelation	65	ordinary	noun.process	3	(medicine) the process of removing a heavy metal from the bloodstream by means of a chelate as in treating lead or mercury poisoning
230	constant-volume process	63	ordinary	noun.process	3	a thermodynamic process during which the volume of the closed system undergoing such a process remains constant.
231	dealignment	68	specific	noun.process	3	a process whereby voters are moved toward nonpartisanship thus weakening the structure of political parties
232	decrease	51	common	noun.process	3	a process of becoming smaller or shorter
233	degeneration	55	common	noun.process	3	the process of declining from a higher to a lower level of effective power or vitality or essential quality
234	development	53	common	noun.process	3	a process in which something passes by degrees to a different stage (especially a more advanced or mature stage)
235	economic process	60	common	noun.process	3	any process affecting the production and development and management of material wealth
236	encapsulation	68	specific	noun.process	3	the process of enclosing (as in a capsule)
237	execution	57	common	noun.process	3	(computer science) the process of carrying out an instruction by a computer
238	human process	57	common	noun.process	3	a process in which human beings are involved
239	increase	49	common	noun.process	3	a process of becoming larger or longer or more numerous or more important
240	industrial process	63	ordinary	noun.process	3	a systematic series of mechanical or chemical operations that produce or manufacture something
241	irreversible process	71	technical	noun.process	3	any process that is not reversible
242	iteration	62	ordinary	noun.process	3	(computer science) executing the same set of instructions a given number of times or until a specified result is obtained
243	natural process	41	common	noun.process	3	a process existing in or produced by nature (rather than by the intent of human beings)
244	operation	63	ordinary	noun.process	3	process or manner of functioning or operating
245	organic process	46	common	noun.process	3	a process occurring in living organisms
246	phenomenon	44	common	noun.Tops	3	any state or process known through the senses rather than by intuition or reasoning
247	photography	58	common	noun.process	3	the process of producing images of objects on photosensitive surfaces
248	polytropic process	71	technical	noun.process	3	An expansion or compression of a gas in which the quantity pV n is held constant, where p and V are the pressure and volume of the gas, and n is some constant.
249	processing	55	common	noun.process	3	preparing or putting through a prescribed procedure
250	reversible process	71	technical	noun.process	3	any process in which a system can be made to pass through the same states in the reverse order when the process is reversed
251	sensitization	62	ordinary	noun.process	3	(psychology) the process of becoming highly sensitive to specific events or situations (especially emotional events or situations)
252	shaping	62	ordinary	noun.process	3	any process serving to define the shape of something
253	variation	68	specific	noun.process	3	the process of varying or being varied
254	body of water	52	common	noun.object	3	the part of the earth's surface covered with water (such as a river or lake or ocean)
255	inessential	61	ordinary	noun.object	3	anything that is not essential
256	necessity	49	common	noun.object	3	anything indispensable
257	reservoir	66	ordinary	noun.object	3	anything (a person or animal or plant or substance) in which an infectious agent normally lives and multiplies
258	subject	55	common	noun.artifact	3	something (a person or object or scene) selected by an artist or photographer for graphic representation
259	unit	44	common	noun.object	3	a single undivided natural thing occurring in the composition of something else
260	variable	63	ordinary	noun.object	3	something that is likely to vary; something that is subject to variation
261	unit character	73	obscure	noun.attribute	4	(genetics) a character inherited on an all-or-none basis and dependent on the presence of a single gene
262	good-temperedness	63	ordinary	noun.attribute	4	a cheerful willingness to be obliging
263	background	64	ordinary	noun.attribute	4	a person's social heritage: previous experience or training
264	birthright	69	specific	noun.attribute	4	a right or privilege that you are entitled to at birth
265	upbringing	65	ordinary	noun.attribute	4	properties acquired during a person's formative years
266	anal personality	69	specific	noun.attribute	4	(psychoanalysis) a personality characterized by meticulous neatness and suspicion and reserve; said to be formed in early childhood by fixation during the anal stage of development (usually as a consequence of toilet training)
267	genital personality	73	obscure	noun.attribute	4	(psychoanalysis) the mature personality which is not dominated by infantile pleasure drives
268	identity	54	common	noun.attribute	4	the distinct personality of an individual regarded as a persisting entity
269	narcissistic personality	74	obscure	noun.attribute	4	personality marked by self-love and self-absorption; unrealistic views about your own qualities and little regard for others
270	obsessive-compulsive personality	76	obscure	noun.attribute	4	personality characterized by a strong need to repeat certain acts or rituals
271	oral personality	73	obscure	noun.attribute	4	(psychoanalysis) a personality characterized either by generous optimism or aggressive and ambitious selfishness; formed in early childhood by fixation during the oral stage of development
272	personableness	70	technical	noun.attribute	4	the complex of attributes that make a person socially attractive
273	Americanness	71	technical	noun.attribute	4	the quality or characteristic of being American.
274	Argentineness	71	technical	noun.attribute	4	the state or quality of being Argentine.
275	Australianness	71	technical	noun.attribute	4	The state or quality of being Australian.
276	Englishness	71	technical	noun.attribute	4	a state or quality of being English.
277	Estonianess	71	technical	noun.attribute	4	state or condition of being Estonian
278	Frenchness	71	technical	noun.attribute	4	the state or condition of being French.
279	Germanness	71	technical	noun.attribute	4	The quality or characteristic of being German
280	Greekness	71	technical	noun.attribute	4	The state or condition of being Greek.
281	Icelandicness	71	technical	noun.attribute	4	The state or quality of being Icelandic.
282	Italianness	71	technical	noun.attribute	4	the state or quality of being Italian.
283	Jewishness	71	technical	noun.attribute	4	Of or relating to the Jews or their culture or religion.
284	Latvianness	71	technical	noun.attribute	4	The state or quality of being Latvian.
285	Portugueseness	71	technical	noun.attribute	4	The quality or state of being Portuguese.
286	Russianness	71	technical	noun.attribute	4	The quality or characteristic of being Russian.
287	Scottishness	71	technical	noun.attribute	4	the state or quality of being Scottish.
288	Serbianness	71	technical	noun.attribute	4	The state or quality of being Serbian.
289	Silesianness	71	technical	noun.attribute	4	a state or condition of being Silesian.
290	Slavicness	71	technical	noun.attribute	4	the state or quality of being Slavic.
291	Sovietness	71	technical	noun.attribute	4	The state or condition of being Soviet
292	Swedishness	71	technical	noun.attribute	4	a state or condition of being Swedish
293	Turkishness	71	technical	noun.attribute	4	the quality or state of being Turkish.
294	actinism	71	technical	noun.attribute	4	the property of radiation that enables it to produce photochemical effects
295	age	54	common	noun.attribute	4	how long something has existed
296	analyticity	71	technical	noun.attribute	4	the property of being analytic
297	anisotropy	71	technical	noun.attribute	4	the property of being anisotropic; having a different value when measured in different directions
298	antireligiousness	71	technical	noun.attribute	4	The state or condition of being opposed to religion.
299	apocryphalness	71	technical	noun.attribute	4	The property of being of doubtful authenticity, of lacking authority, or of not being regarded as canonical.
300	bodily property	59	common	noun.attribute	4	an attribute of the body
301	characteristic	68	specific	noun.attribute	4	any measurable property of a device measured under closely specified conditions
302	chemical property	69	specific	noun.attribute	4	a property used to characterize materials in reactions that change their identity
303	compositeness	71	technical	noun.attribute	4	the property of being a composite number
304	concentration	56	common	noun.attribute	4	the strength of a solution; number of molecules of a substance in a given volume
305	connectivity	71	technical	noun.attribute	4	the property of being connected or the degree to which something has connections
306	consistency	42	common	noun.attribute	4	the property of holding together and retaining its shape
307	constitution	48	common	noun.attribute	4	the way in which someone or something is composed
308	cosmopolitanity	71	technical	noun.attribute	4	a state or quality of being cosmopolitan
309	degree	44	common	noun.attribute	4	a position on a scale of intensity or amount or quality
310	detectability	71	technical	noun.attribute	4	The state of being noticeable.
311	disposition	62	ordinary	noun.attribute	4	a natural or acquired habit or characteristic tendency in a person or thing
312	duality	65	ordinary	noun.attribute	4	(physics) the property of matter and electromagnetic radiation that is characterized by the fact that some properties can be explained best by wave theory and others by particle theory
313	edibility	63	ordinary	noun.attribute	4	the property of being fit to eat
314	extension	73	obscure	noun.attribute	4	the ability to raise the working leg high in the air
315	fullness	61	ordinary	noun.attribute	4	the property of a sensation that is rich and pleasing
316	heredity	59	common	noun.attribute	4	the total of inherited attributes
317	hydrophobicity	71	technical	noun.attribute	4	the property of being water-repellent; tending to repel and not absorb water
318	isochronism	71	technical	noun.attribute	4	the property of occurring regularly at equal time intervals, of maintaining a constant period or interval, despite variations in other measurable factors in the same system.
319	isotropy	67	specific	noun.attribute	4	(physics) the property of being isotropic; having the same value when measured in different directions
320	magnitude	49	common	noun.attribute	4	the property of relative size or extent (whether large or small)
321	manner	40	common	noun.attribute	4	how something is done or how it happens
322	non-commercialism	74	obscure	noun.attribute	4	The property of not being connected with or engaged in commercial enterprises.
323	nonoptimality	71	technical	noun.attribute	4	The state of not being best, most favourable or desirable.
324	olfactory property	53	common	noun.attribute	4	any property detected by the olfactory system
325	omnivorousness	71	technical	noun.attribute	4	The state of eating both animal and plant matter.
326	optics	71	technical	noun.attribute	4	optical properties
327	perceptuality	71	technical	noun.attribute	4	The quality of being related to the organization, identification, and interpretation of sensory information.
328	phonetic property	70	technical	noun.attribute	4	An articulatory or acoustic property of speech sounds.
329	physical property	57	common	noun.attribute	4	any property used to characterize matter and energy and their interactions
330	primality	71	technical	noun.attribute	4	the property of being a prime number
331	prosociality	71	technical	noun.attribute	4	The quality of being beneficial to all parties and consistent with community laws and mores.
332	saltiness	67	specific	noun.attribute	4	the property of containing salt (as a compound or in solution)
333	selectivity	71	technical	noun.attribute	4	the property of being selective
334	size	55	common	noun.attribute	4	the property resulting from being one of a series of graduated measurements (as of clothing)
335	solvability	68	specific	noun.attribute	4	the property (of a problem or difficulty) that makes it possible to solve
336	sound property	59	common	noun.attribute	4	an attribute of sound
337	spatial property	56	common	noun.attribute	4	any property relating to or occupying space
338	strength	53	common	noun.attribute	4	the property of being physically or mentally strong
339	sustainability	71	technical	noun.attribute	4	the property of being sustainable
340	tactile property	60	common	noun.attribute	4	a property perceived by touch
341	taste property	62	ordinary	noun.attribute	4	a property appreciated via the sense of taste
342	televisuality	71	technical	noun.attribute	4	Quality of being of, relating to, or being suitable for broadcast by television.
343	temporal property	58	common	noun.attribute	4	a property relating to time
344	unsolvability	68	specific	noun.attribute	4	the property (of a problem or difficulty) that makes it impossible to solve
345	vascularity	71	technical	noun.attribute	4	the property being vascular
346	veterancy	71	technical	noun.attribute	4	a state or condition of being a veteran
347	viability	68	specific	noun.attribute	4	(of living things) capable of normal growth and development
348	visual property	56	common	noun.attribute	4	an attribute of vision
349	weakness	58	common	noun.attribute	4	the property of lacking physical or mental strength; liability to failure under pressure or stress or strain
350	wirelessness	71	technical	noun.attribute	4	The state or condition of being wireless; lack of wires or cables.
351	zigzaggedness	71	technical	noun.attribute	4	The state or quality of being zigzagged or alternating directions sharply.
352	ability	56	common	noun.attribute	4	the quality of being able to perform; a quality that permits or facilitates achievement or accomplishment
353	accuracy	59	common	noun.attribute	4	the quality of being near to the true value
354	air	55	common	noun.attribute	4	a distinctive but intangible quality surrounding a person or thing
355	amorality	71	technical	noun.attribute	4	the quality of being amoral
356	appearance	44	common	noun.attribute	4	outward or visible aspect of a person or thing
357	arability	71	technical	noun.attribute	4	the quality of land that is appropriate for cultivation
358	asset	55	common	noun.attribute	4	a useful or valuable quality
359	attraction	58	common	noun.attribute	4	the quality of arousing interest; being attractive or something that attracts
360	bad	55	common	noun.attribute	4	that which is below standard or expectations as of ethics or decency
361	brachycephaly	68	specific	noun.attribute	4	the quality of being brachycephalic
362	certainty	54	common	noun.attribute	4	something that is certain
363	changeableness	57	common	noun.attribute	4	the quality of being changeable; having a marked tendency to change
364	changelessness	50	common	noun.attribute	4	the quality of being unchangeable; having a marked tendency to remain unchanged
365	clearness	56	common	noun.attribute	4	the quality of clear water
366	combustibility	62	ordinary	noun.attribute	4	the quality of being capable of igniting and burning
367	complexity	62	ordinary	noun.attribute	4	the quality of being intricate and compounded
368	comprehensibility	59	common	noun.attribute	4	the quality of comprehensible language or thought
369	constructiveness	71	technical	noun.attribute	4	the quality of serving to build or improve
370	correctness	65	ordinary	noun.attribute	4	conformity to fact or truth
371	counterfactuality	71	technical	noun.attribute	4	the quality of being contrary to fact
372	credibility	58	common	noun.attribute	4	the quality of being believable or trustworthy
373	destructiveness	65	ordinary	noun.attribute	4	the quality of causing destruction
374	difference	54	common	noun.attribute	4	the quality of being unlike or dissimilar
375	difficulty	52	common	noun.attribute	4	the quality of being almost beyond one's ability to deal with and requiring a great effort to achieve a positive result
376	directivity	67	specific	noun.attribute	4	the quality of being directive
377	divinity	68	specific	noun.attribute	4	the quality of being divine
378	divisibility	69	specific	noun.attribute	4	the quality of being divisible; the capacity to be divided into parts or divided among a number of persons
379	dolichocephaly	68	specific	noun.attribute	4	the quality of being dolichocephalic
380	domesticity	69	specific	noun.attribute	4	the quality of being domestic or domesticated
381	ease	49	common	noun.attribute	4	freedom from difficulty or hardship or effort
382	elegance	60	common	noun.attribute	4	a refined quality of gracefulness and good taste
383	ethnicity	71	technical	noun.attribute	4	an ethnic quality or affiliation resulting from racial or cultural ties
384	excellence	60	common	noun.attribute	4	the quality of excelling; possessing good qualities in high degree
385	expressiveness	67	specific	noun.attribute	4	the quality of being expressive
386	extraordinariness	61	ordinary	noun.attribute	4	the quality of being extraordinary and not commonly encountered
387	extremeness	71	technical	noun.attribute	4	the quality of being extreme
388	factuality	68	specific	noun.attribute	4	the quality of being actual or based on fact
389	fibrosity	68	specific	noun.attribute	4	the quality of being fibrous
390	fidelity	59	common	noun.attribute	4	the quality of being faithful
391	finiteness	62	ordinary	noun.attribute	4	the quality of being finite
392	foreignness	60	common	noun.attribute	4	the quality of being alien or not native
393	fruitfulness	60	common	noun.attribute	4	the quality of something that causes or assists healthy growth
394	fruitlessness	60	common	noun.attribute	4	the quality of yielding nothing of value
395	generality	57	common	noun.attribute	4	the quality of being general or widespread or having general applicability
396	good	57	common	noun.attribute	4	that which is pleasing or valuable or useful
397	hardness	67	specific	noun.attribute	4	a quality of water that contains dissolved mineral salts that prevent soap from lathering
398	holiness	60	common	noun.attribute	4	the quality of being holy
399	hot stuff	68	specific	noun.attribute	4	the quality of being attractive and exciting (especially sexually exciting)
400	humaneness	64	ordinary	noun.attribute	4	the quality of compassion or consideration for others (people or animals)
401	humanness	64	ordinary	noun.attribute	4	the quality of being human
402	humor	62	ordinary	noun.attribute	4	the quality of being funny
403	ideality	71	technical	noun.attribute	4	the quality of being ideal
404	illogicality	57	common	noun.attribute	4	invalid or incorrect reasoning
405	immateriality	60	common	noun.attribute	4	the quality of not being physical; not consisting of matter
406	immeasurability	71	technical	noun.attribute	4	the quality of being immeasurable.
407	immobility	62	ordinary	noun.attribute	4	the quality of not moving
408	immorality	53	common	noun.attribute	4	the quality of not being in accord with standards of right or good conduct
409	impenetrability	60	common	noun.attribute	4	the quality of being impenetrable (by people or light or missiles etc.)
410	impressiveness	71	technical	noun.attribute	4	the quality of making a strong or vivid impression on the mind
411	inability	56	common	noun.attribute	4	lacking the power to perform
412	inaccuracy	66	ordinary	noun.attribute	4	the quality of being inaccurate and having errors
413	incomprehensibility	61	ordinary	noun.attribute	4	the quality of being incomprehensible
414	incorrectness	62	ordinary	noun.attribute	4	the quality of not conforming to fact or truth
415	incredibility	65	ordinary	noun.attribute	4	the quality of being incredible
416	indivisibility	71	technical	noun.attribute	4	(arithmetic) The state of being impossible to divide by a specific integer without leaving a remainder.
417	inelegance	62	ordinary	noun.attribute	4	the quality of lacking refinement and good taste
418	infidelity	60	common	noun.attribute	4	the quality of being unfaithful
419	infiniteness	55	common	noun.attribute	4	the quality of being infinite; without bound or limit
420	inhumaneness	62	ordinary	noun.attribute	4	the quality of lacking compassion or consideration for others
421	injectiveness	71	technical	noun.attribute	4	(mathematics) The state or quality of relating to, or being an injection: such that each element of the image (or range) is associated with at most one element of the preimage (or domain).
422	insolubility	71	technical	noun.attribute	4	the quality of being insoluble and difficult to dissolve in liquid
423	inutility	57	common	noun.attribute	4	the quality of having no practical use
424	irregularity	55	common	noun.attribute	4	not characterized by a fixed principle or rate; at irregular intervals
425	lawfulness	65	ordinary	noun.attribute	4	the quality of conforming to law
426	logicality	63	ordinary	noun.attribute	4	correct and valid reasoning
427	materiality	54	common	noun.attribute	4	the quality of being physical; consisting of matter
428	memorability	71	technical	noun.attribute	4	the quality of being worth remembering
429	minutia	71	technical	noun.attribute	4	(biometrics, forensics) Any of the major features of a fingerprint that allow prints to be compared.
430	mobility	62	ordinary	noun.attribute	4	the quality of moving freely
431	morality	51	common	noun.attribute	4	concern with the distinction between good and evil or right and wrong; right or good conduct
432	naivete	59	common	noun.attribute	4	lack of sophistication or worldliness
433	nativeness	67	specific	noun.attribute	4	the quality of belonging to or being connected with a certain place or region by virtue of birth or origin
434	naturalness	60	common	noun.attribute	4	the quality of being natural or based on natural principles
435	navigability	71	technical	noun.attribute	4	the quality of being suitable for the passage of a ship or aircraft
436	neediness	71	technical	noun.attribute	4	the quality of needing attention and affection and reassurance to a marked degree
437	negativity	61	ordinary	noun.attribute	4	characterized by habitual skepticism and a disagreeable tendency to deny or oppose or resist suggestions or commands
438	occidentalism	71	technical	noun.attribute	4	the quality or customs or mannerisms characteristic of Western civilizations
439	opacity	61	ordinary	noun.attribute	4	the quality of being opaque to a degree; the degree to which something reduces the passage of light
440	ordinariness	56	common	noun.attribute	4	the quality of being commonplace and ordinary
441	orientalism	71	technical	noun.attribute	4	the quality or customs or mannerisms characteristic of Asian civilizations
442	originality	65	ordinary	noun.attribute	4	the quality of being new and original (not derived from something else)
443	painfulness	65	ordinary	noun.attribute	4	the quality of being painful
444	parental quality	70	technical	noun.attribute	4	a quality appropriate to a parent
445	particularity	63	ordinary	noun.attribute	4	the quality of being particular and pertaining to a specific case or instance
446	pathos	64	ordinary	noun.attribute	4	a quality that arouses emotions (especially pity or sorrow)
447	penetrability	68	specific	noun.attribute	4	the quality of being penetrable (by people or light or missiles etc.)
448	piquancy	64	ordinary	noun.attribute	4	the quality of being agreeably stimulating or mentally exciting
449	pleasantness	61	ordinary	noun.attribute	4	the quality of giving pleasure
450	popularity	69	specific	noun.attribute	4	the quality of being widely admired or accepted or sought after
451	positivity	57	common	noun.attribute	4	a quality or state characterized by certainty or acceptance or affirmation and dogmatic assertiveness
452	powerlessness	55	common	noun.attribute	4	the quality of lacking strength or power; being weak and feeble
453	protectiveness	68	specific	noun.attribute	4	the quality of providing protection
454	publicity	71	technical	noun.attribute	4	the quality of being open to public view
455	quantifiability	63	ordinary	noun.attribute	4	the quality of being measurable
456	regularity	61	ordinary	noun.attribute	4	the quality of being characterized by a fixed principle or rate
457	relativity	71	technical	noun.attribute	4	the quality of being relative and having significance only in relation to something else
458	responsiveness	71	technical	noun.attribute	4	the quality of being responsive; reacting quickly; as a quality of people, it involves responding with emotion to people and events
459	romanticism	65	ordinary	noun.attribute	4	an exciting and mysterious quality (as of a heroic time or adventure)
460	salability	68	specific	noun.attribute	4	the quality of being salable or marketable
461	sameness	57	common	noun.attribute	4	the quality of being alike
462	satisfactoriness	65	ordinary	noun.attribute	4	the quality of giving satisfaction sufficient to meet a demand or requirement
463	simplicity	62	ordinary	noun.attribute	4	the quality of being simple or uncompounded
464	snootiness	71	technical	noun.attribute	4	the quality of being snooty
465	soapiness	71	technical	noun.attribute	4	the quality of being soap or being covered with soap
466	solubility	71	technical	noun.attribute	4	the quality of being soluble and easily dissolved in liquid
467	sophistication	61	ordinary	noun.attribute	4	the quality or character of being intellectually sophisticated and worldly through cultivation or experience or disillusionment
468	spinnability	69	specific	noun.attribute	4	the quality of being suitable for spinning or the capability of being spun (used of textile fibers)
469	stuffiness	66	ordinary	noun.attribute	4	the quality of being close and poorly ventilated
470	subjectivism	71	technical	noun.attribute	4	the quality of being subjective
471	sufficiency	65	ordinary	noun.attribute	4	the quality of being sufficient for the end in view
472	suitability	58	common	noun.attribute	4	the quality of having the properties that are right for a specific purpose
473	tone	73	obscure	noun.attribute	4	the quality of something (an act or a piece of writing) that reveals the attitudes and presuppositions of the author
474	ulteriority	71	technical	noun.attribute	4	the quality of being ulterior
475	ultimate	71	technical	noun.attribute	4	the finest or most superior quality of its kind
476	uncertainty	53	common	noun.attribute	4	being unsettled or in doubt or dependent on chance
477	unholiness	67	specific	noun.attribute	4	the quality of being unholy
478	unlawfulness	64	ordinary	noun.attribute	4	the quality of failing to conform to law
479	unnaturalness	63	ordinary	noun.attribute	4	the quality of being unnatural or not based on natural principles
480	unoriginality	64	ordinary	noun.attribute	4	the quality of being unoriginal
481	unpleasantness	60	common	noun.attribute	4	the quality of giving displeasure
482	unpopularity	71	technical	noun.attribute	4	the quality of lacking general approval or acceptance
483	unresponsiveness	64	ordinary	noun.attribute	4	the quality of being unresponsive; not reacting; as a quality of people, it is marked by a failure to respond quickly or with emotion to people or events
484	unsatisfactoriness	64	ordinary	noun.attribute	4	the quality of being inadequate or unsuitable
485	unsuitability	56	common	noun.attribute	4	the quality of having the wrong properties for a specific purpose
486	unwholesomeness	57	common	noun.attribute	4	the quality of being unhealthful and generally bad for you
487	urbanity	71	technical	noun.attribute	4	the quality or character of life in a city or town
488	utility	53	common	noun.attribute	4	the quality of being of practical use
489	virtu	66	ordinary	noun.attribute	4	artistic quality
490	waxiness	71	technical	noun.attribute	4	the quality of being made of wax or covered with wax
491	wholesomeness	66	ordinary	noun.attribute	4	the quality of being beneficial and generally good for you
492	woodiness	65	ordinary	noun.attribute	4	the quality of abounding in trees
493	worth	56	common	noun.attribute	4	the quality that renders something desirable or valuable or useful
494	worthlessness	58	common	noun.attribute	4	having no qualities that would render it valuable or useful
495	amorphous shape	57	common	noun.shape	4	an ill-defined or arbitrary shape
496	angular shape	61	ordinary	noun.shape	4	a shape having one or more sharp angles
497	circle	68	specific	noun.shape	4	something approximating the shape of a circle
498	column	58	common	noun.shape	4	anything that approximates the shape of a column or tower
499	distorted shape	65	ordinary	noun.shape	4	a shape resulting from distortion
500	figure	57	common	noun.shape	4	a combination of points and lines and planes that form a visible palpable shape
501	flare	60	common	noun.shape	4	a shape that spreads outward
502	line	53	common	noun.shape	4	a length (straight or curved) without breadth or thickness; the trace of a moving point
503	natural shape	71	technical	noun.shape	4	a shape created by natural forces; not man-made
504	plane	56	common	noun.shape	4	(mathematics) an unbounded two-dimensional shape
505	plume	67	specific	noun.shape	4	anything that resembles a feather in shape or lightness
506	round shape	60	common	noun.shape	4	a shape that is curved and without sharp angles
507	square	70	technical	noun.shape	4	something approximating the shape of a square
508	triangle	68	specific	noun.shape	4	something approximating the shape of a triangle
509	absolute space	74	obscure	noun.Tops	4	physical space independent of what occupies it
510	outer space	68	specific	noun.location	4	any location outside the Earth's atmosphere
511	phase space	69	specific	noun.Tops	4	(physics) an ideal space in which the coordinate dimensions represent the variables that are required to describe a system or substance
512	action	49	common	noun.state	4	the state of being active
513	being	44	common	noun.state	4	the state or fact of existing
514	cleavage	65	ordinary	noun.state	4	the state of being split or cleft
515	condition	54	common	noun.state	4	a mode of being or form of existence of a person or thing
516	conditionality	71	technical	noun.state	4	the state of being conditional
517	conflict	64	ordinary	noun.state	4	a state of opposition between persons or ideas or interests
518	damnation	65	ordinary	noun.state	4	the state of being condemned to eternal punishment in Hell
519	dead letter	68	specific	noun.state	4	the state of something that has outlived its relevance
520	death	63	ordinary	noun.state	4	the absence of life or state of being dead
521	dependence	56	common	noun.state	4	the state of relying on or being controlled by someone or something else
522	disorder	60	common	noun.state	4	a disturbance of the peace or of public order
523	dystopia	69	specific	noun.state	4	state in which the conditions of life are extremely bad as from deprivation or oppression or terror
524	employment	63	ordinary	noun.state	4	the state of being employed or having a job
525	end	66	ordinary	noun.state	4	a final state
526	enlargement	57	common	noun.state	4	the state of being enlarged
527	feeling	44	common	noun.Tops	4	the experiencing of affective and emotional states
528	flux	68	specific	noun.state	4	a state of uncertainty about what should be done (usually following some important event) preceding the establishment of a new direction of action
529	freedom	57	common	noun.state	4	the condition of being free; the power to act or speak or think without externally imposed restraints
530	grace	56	common	noun.state	4	(Christian theology) a state of sanctification by God; the state of one who is under such divine influence
531	ground state	73	obscure	noun.state	4	(physics) the lowest energy state of an atom or other particle
532	heterozygosity	71	technical	noun.state	4	the state of being heterozygous; having two different alleles of the same gene
533	homozygosity	71	technical	noun.state	4	the state of being homozygous; having two identical alleles of the same gene
534	hostility	55	common	noun.state	4	a state of deep-seated ill-will
535	illumination	58	common	noun.state	4	the degree of visibility of your environment
536	immaturity	61	ordinary	noun.state	4	not having reached maturity
537	imminence	57	common	noun.state	4	the state of being imminent and liable to happen soon
538	imperfection	53	common	noun.state	4	the state or an instance of being imperfect
539	inaction	53	common	noun.state	4	the state of being inactive
540	integrity	53	common	noun.state	4	an undivided or unbroken completeness or totality with nothing wanting
541	isomerism	71	technical	noun.state	4	the state of being an isomer; the complex of chemical and physical phenomena characteristic of isomers
542	kalemia	71	technical	noun.state	4	the presence of excess potassium in the circulating blood
543	maturity	59	common	noun.state	4	state of being mature; full development
544	medium	73	obscure	noun.state	4	a state that is intermediate between extremes; a middle position
545	merchantability	69	specific	noun.state	4	the state of being fit for market; ready to be bought or sold
546	motion	63	ordinary	noun.state	4	a state of change
547	motionlessness	60	common	noun.state	4	a state of no motion or movement
548	nationhood	71	technical	noun.state	4	the state of being a nation
549	neotony	71	technical	noun.state	4	the state resulting when juvenile characteristics are retained by the adults of a species
550	nonbeing	62	ordinary	noun.state	4	the state of not being
551	obligation	60	common	noun.state	4	the state of being obligated to do or pay something
552	office	62	ordinary	noun.state	4	(of a government or government official) holding an office means being in power
553	omnipotence	69	specific	noun.state	4	the state of being omnipotent; having unlimited power
554	omniscience	69	specific	noun.state	4	the state of being omniscient; having infinite knowledge
555	order	56	common	noun.state	4	established customary state (especially of society)
556	ornamentation	67	specific	noun.state	4	the state of being ornamented
557	paternity	67	specific	noun.state	4	the state of being a father
558	perfection	54	common	noun.state	4	the state of being without a flaw or defect
559	plurality	67	specific	noun.state	4	the state of being plural
560	polyvalence	66	ordinary	noun.state	4	(toxicology) the state of being capable of counteracting more than one toxin or antigen or kind of microorganism
561	readiness	52	common	noun.state	4	the state of having been made ready or prepared for use or action (especially military action)
562	receivership	67	specific	noun.state	4	the state of property that is in the hands of a receiver
563	representation	57	common	noun.state	4	the state of serving as an official and authorized delegate or agent
564	revocation	65	ordinary	noun.state	4	the state of being cancelled or annulled
565	separation	53	common	noun.state	4	the state of lacking unity
566	situation	47	common	noun.state	4	the general state of things; the combination of circumstances at a given time
567	skillfulness	61	ordinary	noun.cognition	4	the state of being cognitively skillful
568	status	47	common	noun.state	4	the relative position or standing of things or especially persons in a society
569	technicality	69	specific	noun.state	4	the state of being technical as in the use of technical terms or methods
570	temporary state	63	ordinary	noun.state	4	a state that continues for a limited time
571	tribalism	69	specific	noun.state	4	the state of living together in tribes
572	turgor	70	technical	noun.state	4	(biology) the normal rigid state of fullness of a cell or blood vessel or capillary resulting from pressure of the contents against the wall or membrane
573	unemployment	71	technical	noun.state	4	the state of being unemployed or not having a job
574	union	53	common	noun.state	4	the state of being joined or united or linked
575	utilization	71	technical	noun.state	4	the state of having been made use of
576	utopia	69	specific	noun.state	4	ideally perfect state; especially in its social and political and moral aspects
577	wild	59	common	noun.state	4	a wild primitive state untouched by civilization
578	Greenwich Mean Time	57	common	noun.time	4	the local time at the 0 meridian passing through Greenwich, England; it is the same everywhere
579	biological time	68	specific	noun.time	4	the time of various biological processes
580	civil time	59	common	noun.time	4	the official time in a local region (adjusted for location around the Earth); established by law or custom
581	continuum	69	specific	noun.time	4	a continuous nonspatial whole or extent or succession in which no part or portion is distinct or distinguishable from adjacent parts
582	cosmic time	65	ordinary	noun.time	4	the time covered by the physical formation and development of the universe
583	daylight-saving time	66	ordinary	noun.time	4	time during which clocks are set one hour ahead of local standard time; widely adopted during summer to provide extra daylight in the evenings
584	duration	66	ordinary	noun.time	4	the property of enduring or continuing in time
585	eternity	61	ordinary	noun.time	4	time without end
586	future	51	common	noun.time	4	the time yet to come
587	geological time	64	ordinary	noun.time	4	the time of the physical formation and development of the earth (especially prior to human history)
588	musical time	63	ordinary	noun.time	4	(music) the beat of musical rhythm
589	past	53	common	noun.time	4	the time that has elapsed
590	present	57	common	noun.time	4	the period of time that is happening now; any continuous stretch of time including the moment of speech
591	solar time	74	obscure	noun.time	4	a reckoning of the passage of time based on the Sun's position in the sky.
592	activeness	57	common	noun.attribute	4	the trait of being active; moving or acting rapidly and energetically
593	attentiveness	62	ordinary	noun.attribute	4	the trait of being observant and paying attention
594	cleanliness	66	ordinary	noun.attribute	4	diligence in keeping clean
595	communicativeness	65	ordinary	noun.attribute	4	the trait of being communicative
596	compulsiveness	64	ordinary	noun.attribute	4	the trait of acting compulsively
597	conceit	60	common	noun.attribute	4	the trait of being unduly vain and conceited; false pride
598	demeanor	43	common	noun.attribute	4	(behavioral attributes) the way a person behaves toward other people
599	discipline	60	common	noun.attribute	4	the trait of being well behaved
600	distrust	61	ordinary	noun.attribute	4	the trait of not trusting others
601	drive	61	ordinary	noun.attribute	4	the trait of being highly motivated
602	egoism	57	common	noun.attribute	4	concern for your own interests and welfare
603	emotionality	58	common	noun.attribute	4	emotional nature or quality
604	femininity	61	ordinary	noun.attribute	4	the trait of behaving in ways considered typical for women
605	folly	54	common	noun.attribute	4	the trait of acting stupidly or rashly
606	frivolity	55	common	noun.attribute	4	the trait of being frivolous; not serious or sensible
607	humility	60	common	noun.attribute	4	a disposition to be humble; a lack of false pride
608	inactiveness	56	common	noun.attribute	4	a disposition to remain inactive or inert
609	inattentiveness	62	ordinary	noun.attribute	4	the trait of not being considerate and thoughtful of others
610	indiscipline	59	common	noun.attribute	4	the trait of lacking discipline
611	individuality	56	common	noun.attribute	4	the quality of being individual
612	intractability	58	common	noun.attribute	4	the trait of being hard to influence or control
613	irresoluteness	64	ordinary	noun.attribute	4	the trait of being irresolute; lacking firmness of purpose
614	judgment	54	common	noun.attribute	4	the capacity to assess situations or circumstances shrewdly and to draw sound conclusions
615	masculinity	65	ordinary	noun.attribute	4	the trait of behaving in ways considered typical for men
616	pride	69	specific	noun.attribute	4	the trait of being spurred on by a dislike of falling below your standards
617	resoluteness	46	common	noun.attribute	4	the trait of being resolute
618	rurality	68	specific	noun.attribute	4	a rural characteristic or trait
619	seriousness	55	common	noun.attribute	4	the trait of being serious
620	stinginess	64	ordinary	noun.attribute	4	a lack of generosity; a general unwillingness to part with money
621	thoughtfulness	63	ordinary	noun.attribute	4	the trait of thinking carefully before acting
622	tractability	56	common	noun.attribute	4	the trait of being easily persuaded
623	trust	58	common	noun.attribute	4	the trait of believing in the honesty and reliability of others
624	trustworthiness	60	common	noun.attribute	4	the trait of deserving trust and confidence
625	uncleanliness	66	ordinary	noun.attribute	4	lack of cleanly habits
626	uncommunicativeness	65	ordinary	noun.attribute	4	the trait of being uncommunicative
627	unemotionality	61	ordinary	noun.attribute	4	absence of emotion
628	unthoughtfulness	61	ordinary	noun.attribute	4	the trait of not thinking carefully before acting
629	untrustworthiness	60	common	noun.attribute	4	the trait of not deserving trust or confidence
630	wisdom	56	common	noun.attribute	4	the trait of utilizing knowledge and experience with common sense and insight
631	gloominess	63	ordinary	noun.attribute	4	the quality of excessive mournfulness and uncheerfulness
632	audio	62	ordinary	noun.communication	4	the audible part of a transmitted signal
633	music	42	common	noun.communication	4	an artistic form of auditory communication incorporating instrumental or vocal tones in a structured and continuous manner
634	speech	34	common	noun.communication	4	(language) communication by word of mouth
635	utterance	52	common	noun.communication	4	the use of uttered sounds for auditory communication
636	acting out	72	technical	noun.communication	4	(psychiatry) the display of previously inhibited emotions (often in actions rather than words); considered to be healthy and therapeutic
637	array	68	specific	noun.communication	4	an impressive display
638	flaunt	71	technical	noun.communication	4	the act of displaying something ostentatiously
639	ostentation	54	common	noun.communication	4	a gaudy outward display
640	presentation	62	ordinary	noun.communication	4	the act of making something publicly available; presenting news or other information by broadcasting or printing it
641	screening	54	common	noun.communication	4	the display of a motion picture
642	sight	63	ordinary	noun.communication	4	anything that is seen
643	debt instrument	54	common	noun.possession	4	a written promise to repay a debt
644	letter of credit	71	technical	noun.possession	4	a document issued by a bank that guarantees the payment of a customer's draft; substitutes the bank's credit for the customer's credit
645	quittance	69	specific	noun.possession	4	a document or receipt certifying release from an obligation or debt
646	record	61	ordinary	noun.possession	4	a document that can serve as legal evidence of a transaction
647	allegory	71	technical	noun.communication	4	an expressive style that uses fictional characters and events to describe some subject by suggestive resemblances; an extended metaphor
648	analysis	71	technical	noun.communication	4	the use of closed-class words instead of inflections: e.g., ‘the father of the bride’ instead of ‘the bride's father’
649	bathos	67	specific	noun.communication	4	triteness or triviality of style
650	black humor	69	specific	noun.communication	4	the juxtaposition of morbid and farcical elements (in writing or drama) to give a disturbing effect
651	device	53	common	noun.communication	4	something in an artistic work designed to achieve a particular effect
652	digressiveness	71	technical	noun.communication	4	The characteristic quality of poetry that is marked by departure from the subject, course, or idea at hand; or by an exploration of a different or unrelated concern.
653	eloquence	64	ordinary	noun.communication	4	powerful and effective language
654	euphuism	66	ordinary	noun.communication	4	any artificially elegant style of language
655	flatness	67	specific	noun.communication	4	a want of animation or brilliance
656	formulation	59	common	noun.communication	4	the style of expressing yourself
657	grandiosity	53	common	noun.communication	4	high-flown style; excessive use of verbal ornamentation
658	headlinese	71	technical	noun.communication	4	using the abbreviated style of headline writers
659	jargon	65	ordinary	noun.communication	4	specialized technical terminology characteristic of a particular subject
660	journalese	69	specific	noun.communication	4	the style in which newspapers are written
661	legalese	71	technical	noun.communication	4	a style that uses the abstruse technical vocabulary of the law
662	manner of speaking	57	common	noun.communication	4	your characteristic style or manner of expressing yourself orally
663	officialese	71	technical	noun.communication	4	the style of writing characteristic of some government officials: formal and obscure
664	poetry	71	technical	noun.communication	4	any communication resembling poetry in beauty or the evocation of feeling
665	prose	71	technical	noun.communication	4	matter of fact, commonplace, or dull expression
666	rhetoric	63	ordinary	noun.communication	4	using language effectively to please or persuade
667	self-expression	74	obscure	noun.communication	4	the expression of one's individuality (usually through creative activities)
668	sesquipedality	71	technical	noun.communication	4	using long words
669	terseness	66	ordinary	noun.communication	4	a neatly short and concise expressive style
670	turn of phrase	70	technical	noun.communication	4	a distinctive spoken or written expression
671	vein	67	specific	noun.communication	4	a distinctive style or manner
672	verboseness	60	common	noun.communication	4	an expressive style that uses excessive or empty words
673	writing style	52	common	noun.communication	4	a style of expressing yourself in writing
674	evidence	52	common	noun.communication	4	an indication that makes something evident
675	gesture	67	specific	noun.act	4	something done as an indication of intention
676	glimpse	71	technical	noun.communication	4	a vague indication
677	harbinger	57	common	noun.communication	4	something that precedes and indicates the approach of something or someone
678	hint	64	ordinary	noun.communication	4	a slight indication
679	manifestation	67	specific	noun.communication	4	a manifest indication of the existence or presence or nature of some person or thing
680	mark	52	common	noun.communication	4	a visible indication made on a surface
681	pointing out	74	obscure	noun.communication	4	indication by demonstration
682	signalization	68	specific	noun.communication	4	a conspicuous indication
683	smoke	68	specific	noun.communication	4	an indication of some hidden activity
684	symptom	71	technical	noun.communication	4	anything that accompanies X and is regarded as an indication of X's existence
685	trace	54	common	noun.communication	4	an indication that something has been present
686	agglutinative language	74	obscure	noun.communication	4	a language in which words are made up of a linear sequence of distinct morphemes and each component of meaning is represented by its own morpheme.
687	artificial language	60	common	noun.communication	4	a language that is deliberately created for a specific purpose
688	barrage	58	common	noun.communication	4	the rapid and continuous delivery of linguistic communication (spoken or written)
689	dead language	74	obscure	noun.communication	4	a language that is no longer learned as a native language
690	ergative-absolutive language	73	obscure	noun.communication	4	a type of language that has an ergative case or in which the direct object of a transitive verb has the same form as the subject of an intransitive verb.
691	indigenous language	71	technical	noun.communication	4	a language that originated in a specified place and was not brought to that place from elsewhere
692	lingua franca	67	specific	noun.communication	4	a common language used by speakers of different languages
693	metalanguage	69	specific	noun.communication	4	a language that can be used to describe languages
694	native language	74	obscure	noun.communication	4	the language that a person has spoken from earliest childhood
695	natural language	48	common	noun.communication	4	a human written or spoken language used by a community; opposed to e.g. a computer language
696	object language	70	technical	noun.communication	4	the language into which a text written in another language is to be translated
697	rhetorical language	74	obscure	noun.communication	4	language designed to persuade or influence others.
698	second language	70	technical	noun.communication	4	a language that a person has acquired in adolescence or later
699	sign language	66	ordinary	noun.communication	4	language expressed by visible hand gestures
700	slanguage	71	technical	noun.communication	4	language characterized by excessive use of slang or cant
701	source language	68	specific	noun.communication	4	a language that is to be translated into another language
702	string of words	55	common	noun.communication	4	a linear sequence of words as spoken or written
703	superstrate	67	specific	noun.communication	4	the language of a later invading people that is imposed on an indigenous population and contributes features to their language
704	synthetic language	71	technical	noun.communication	4	an inflectional language, or one characterized by grammatical endings.
705	usage	71	technical	noun.communication	4	the customary manner in which a language (or a form of a language) is spoken or written
706	words	69	specific	noun.communication	4	language that is spoken or written
707	broadcast	61	ordinary	noun.communication	4	message that is transmitted by radio or television
708	cipher	62	ordinary	noun.communication	4	a message written in a secret code
709	dedication	66	ordinary	noun.communication	4	a short message (as in a book or musical work or on a photograph) dedicating it to someone or something
710	email message	63	ordinary	noun.communication	4	a message sent over the internet via the email system
711	heliogram	71	technical	noun.communication	4	a message transmitted by means of the sun's rays
712	mail	53	common	noun.communication	4	the bags of letters and packages that are transported by the postal service
713	packet	67	specific	noun.communication	4	(computer science) a message or message fragment
714	phone message	70	technical	noun.communication	4	a message transmitted by telephone
715	podcast	71	technical	noun.communication	4	a digital audio file made available on the Internet for downloading to a computer or portable media player
716	radiogram	69	specific	noun.communication	4	a message transmitted by wireless telegraphy
717	sext	71	technical	noun.communication	4	A message with sexual content
718	telegram	63	ordinary	noun.communication	4	a message transmitted by telegraph
719	acknowledgment	54	common	noun.communication	4	a statement acknowledging something or someone
720	approval	54	common	noun.communication	4	a message expressing a favorable opinion
721	body	72	technical	noun.communication	4	the central message of a communication
722	commitment	57	common	noun.communication	4	a message that makes a pledge
723	corker	69	specific	noun.communication	4	(dated slang) a remarkable or excellent thing or person
724	digression	53	common	noun.communication	4	a message that departs from the main subject
725	direction	56	common	noun.communication	4	a message describing how something is to be done
726	disapproval	56	common	noun.communication	4	the expression of disapproval
727	disrespect	52	common	noun.communication	4	an expression of lack of respect
728	drivel	59	common	noun.communication	4	a worthless message
729	guidance	46	common	noun.communication	4	something that provides direction or advice as to a decision or course of action
730	information	44	common	noun.communication	4	a message received and understood
731	interpolation	64	ordinary	noun.communication	4	a message (spoken or written) that is introduced or inserted
732	latent content	73	obscure	noun.communication	4	(psychoanalysis) hidden meaning of a fantasy or dream
733	meaning	47	common	noun.communication	4	the message that is intended or expressed or signified
734	memorial	69	specific	noun.communication	4	a written statement of facts submitted in conjunction with a petition to an authority
735	narrative	54	common	noun.communication	4	a message that tells the particulars of an act or occurrence or course of events; presented in writing or drama or cinema or as a radio or television program
736	nonsense	44	common	noun.communication	4	a message that seems to convey no meaning
737	offer	55	common	noun.communication	4	something offered (as a proposal or bid)
738	opinion	58	common	noun.communication	4	a message expressing a belief about something; the expression of a belief that is held with confidence but not substantiated by positive knowledge or proof
739	promotion	41	common	noun.communication	4	a message issued in behalf of some product or cause or idea or person or institution
740	proposal	58	common	noun.communication	4	something proposed (such as a plan or assumption)
741	refusal	68	specific	noun.communication	4	a message refusing to accept something that is offered
742	reminder	65	ordinary	noun.communication	4	a message that helps you remember something
743	request	52	common	noun.communication	4	a formal message requesting something that is submitted to an authority
744	respects	71	technical	noun.communication	4	(often used with ‘pay’) a formal expression of esteem
745	sensationalism	66	ordinary	noun.communication	4	subject matter that is calculated to excite and please vulgar tastes
746	shocker	71	technical	noun.communication	4	a sensational message (in a film or play or novel)
747	statement	43	common	noun.communication	4	a message that is stated or declared; a communication (oral or written) setting forth particulars or facts etc
748	submission	58	common	noun.communication	4	something (manuscripts or architectural plans and models or estimates or works of art of all genres etc.) submitted for the judgment of others (as in a competition)
749	wit	40	common	noun.communication	4	a message whose ingenuity or verbal skill or incongruity has the power to evoke laughter
750	psychic phenomena	61	ordinary	noun.communication	4	phenomena that appear to contradict physical laws and suggest the possibility of causation by mental processes
751	telegnosis	71	technical	noun.communication	4	apparent knowledge of distant events without using sensory perceptions
752	telepathy	68	specific	noun.communication	4	apparent communication from one mind to another without using sensory perceptions
753	fansign	71	technical	noun.communication	4	a sign made by a fan, usually with the target's name on it
754	poster	49	common	noun.communication	4	a sign posted in a public place as an advertisement
755	signpost	65	ordinary	noun.communication	4	a post bearing a sign that gives directions or shows the way
756	street sign	69	specific	noun.communication	4	a sign visible from the street
757	alarm	52	common	noun.communication	4	an automatic signal (usually a sound) warning of danger
758	all clear	71	technical	noun.communication	4	a signal (usually a siren) that danger is over
759	animal communication	69	specific	noun.communication	4	communication between animals (of the same species)
760	bugle call	68	specific	noun.communication	4	a signal broadcast by the sound of a bugle
761	curfew	69	specific	noun.communication	4	a signal (usually a bell) announcing the start of curfew restrictions
762	distress signal	66	ordinary	noun.communication	4	an internationally recognized signal sent out by a ship or plane indicating that help is needed
763	dog-ear	73	obscure	noun.communication	4	a corner of a page turned down to mark your place
764	drumbeat	66	ordinary	noun.communication	4	(military) the beating of a drum as a signal for lowering the flag at sundown
765	electronic signal	68	specific	noun.communication	4	a signal generated by electronic means
766	high sign	74	obscure	noun.communication	4	a silent signal of warning or recognition
767	indicator	58	common	noun.communication	4	a signal for attracting attention
768	input signal	70	technical	noun.communication	4	signal going into an electronic system
769	output signal	66	ordinary	noun.communication	4	signal that comes out of an electronic system
770	phone number	67	specific	noun.communication	4	the number is used in calling a particular telephone
771	radio beacon	71	technical	noun.communication	4	a characteristic signal emitted by a transmitter used for navigation
772	radio beam	70	technical	noun.communication	4	a signal transmitted along a narrow path; guides airplane pilots in darkness or bad weather
773	recording	62	ordinary	noun.artifact	4	a signal that encodes something (e.g., picture or sound) that has been recorded
774	retreat	67	specific	noun.communication	4	(military) a signal to begin a withdrawal from a dangerous position
775	starting signal	70	technical	noun.communication	4	a signal to begin (as in a race)
776	storm signal	71	technical	noun.communication	4	a signal announcing the approach of a storm (particularly a storm of marked violence)
777	symbol	49	common	noun.communication	4	an arbitrary sign (written or printed) that has acquired a conventional significance
778	telegraphic signal	66	ordinary	noun.communication	4	a signal transmitted by telegraphy
779	ticktack	71	technical	noun.communication	4	system of signalling by hand signs used by bookmakers at racetracks
780	time signal	74	obscure	noun.communication	4	a signal (especially electronic or by radio) indicating the precisely correct time
781	visual signal	61	ordinary	noun.communication	4	a signal that involves visual communication
782	whistle	64	ordinary	noun.communication	4	the act of signalling (e.g., summoning) by whistling or blowing a whistle
783	artwork	54	common	noun.communication	4	photographs or other visual representations in a printed publication
784	body language	74	obscure	noun.communication	4	communication via the movements or attitudes of the body
785	chart	54	common	noun.communication	4	a visual display of information
786	demonstration	61	ordinary	noun.communication	4	a visual presentation showing how something works
787	eye contact	71	technical	noun.communication	4	a meeting of the eyes between two people that expresses meaningful nonverbal communication
788	graph	49	common	noun.communication	4	a visual representation of the relations between certain quantities, represented as points, plotted with reference to a set of axes
789	graphic design	74	obscure	noun.communication	4	visual communication by a skillful combination of text and pictures in advertisements, magazines, books, etc.
790	projection	65	ordinary	noun.communication	4	the projection of an image from a film onto a screen
791	video	62	ordinary	noun.communication	4	the visible part of a television transmission
792	singing voice	65	ordinary	noun.communication	4	the musical quality of the voice while singing
793	sprechgesang	68	specific	noun.communication	4	a style of dramatic vocalization between singing and speaking
794	voice over	74	obscure	noun.communication	4	the voice on an unseen commentator in a film of television program
795	code	54	common	noun.communication	4	a set of rules or principles or laws (especially written ones)
796	correspondence	55	common	noun.communication	4	communication by the exchange of letters
797	prescription	72	technical	noun.communication	4	written instructions from a physician or dentist to a druggist concerning the form and dosage of a drug to be issued to a given patient
798	print	62	ordinary	noun.communication	4	the text appearing in a book, newspaper, or other printed publication
799	reading	64	ordinary	noun.communication	4	written material intended to be read
800	transcription	57	common	noun.communication	4	something written, especially copied from one medium to another, as a typewritten version of dictation
801	writing	51	common	noun.communication	4	letters or symbols that are written or imprinted on a surface to represent the sounds or words of a language
802	acquiring	54	common	noun.act	4	the act of acquiring something
803	activity	39	common	noun.act	4	any specific behavior
804	assumption	71	technical	noun.act	4	the act of assuming or taking for granted
805	causing	56	common	noun.act	4	the act of causing something to happen
806	delivery	64	ordinary	noun.act	4	the act of delivering a child
807	departure	45	common	noun.act	4	the act of departing
808	derivation	74	obscure	noun.act	4	the act of deriving something or obtaining something from a source or origin
809	discovery	48	common	noun.act	4	the act of discovering something
810	disposal	58	common	noun.act	4	the act or means of getting rid of something
811	distribution	58	common	noun.act	4	the act of distributing or spreading or apportioning
812	egress	58	common	noun.act	4	the act of coming (or going) out; becoming apparent
813	equalization	60	common	noun.act	4	the act of making equal or uniform
814	exhumation	64	ordinary	noun.act	4	the act of digging something up out of the ground (especially a corpse) where it has been buried
815	forfeit	64	ordinary	noun.act	4	the act of losing or surrendering something as a penalty for a mistake or fault or failure to perform etc.
816	hindrance	53	common	noun.act	4	the act of hindering or obstructing or impeding
817	hire	71	technical	noun.act	4	the act of hiring something or someone
818	implementation	56	common	noun.act	4	the act of implementing (providing a practical means for accomplishing something); carrying into effect
819	inactivity	59	common	noun.act	4	being inactive; being less active
820	leaning	72	technical	noun.act	4	the act of deviating from a vertical position
821	legitimation	68	specific	noun.act	4	the act of rendering a person legitimate
822	mitzvah	66	ordinary	noun.act	4	(Judaism) a good deed performed out of religious duty
823	nonaccomplishment	53	common	noun.act	4	an act that does not achieve its intended goal
824	proclamation	67	specific	noun.act	4	the formal act of proclaiming; giving public notice
825	production	55	common	noun.act	4	the act or process of producing something
826	propulsion	51	common	noun.act	4	the act of propelling
827	recovery	58	common	noun.act	4	the act of regaining or saving something lost (or in danger of becoming lost)
828	rejection	55	common	noun.act	4	the act of rejecting something
829	residency	55	common	noun.act	4	the act of dwelling in a place
830	running away	63	ordinary	noun.act	4	the act of leaving (without permission) the place you are expected to be
831	shout-out	74	obscure	noun.act	4	an act of recognition
832	speech act	54	common	noun.communication	4	the use of language to perform some act
833	stay	59	common	noun.act	4	continuing or remaining in a place or state
834	stop	58	common	noun.act	4	the act of stopping something
835	subtweeting	71	technical	noun.act	4	the act of tweeting without tagging a user so that they will not see the post
836	touch	54	common	noun.act	4	the act of putting two things together with no space between them
837	waste	69	specific	noun.act	4	(law) reduction in the value of an estate caused by act or neglect
838	wear	68	specific	noun.act	4	the act of having on your person as a covering or adornment
839	accident	55	common	noun.event	4	anything that happens suddenly or by chance without an apparent cause
840	accompaniment	52	common	noun.event	4	an event or situation that happens at the same time as or in connection with another
841	avalanche	71	technical	noun.event	4	a sudden appearance of an overwhelming number of things
842	beginning	52	common	noun.event	4	the event consisting of the start of something
843	boom	55	common	noun.event	4	a sudden happening that brings good fortune (as a sudden opportunity to make money)
844	case	51	common	noun.event	4	an occurrence of something
845	collapse	63	ordinary	noun.event	4	a natural event caused by something suddenly falling down or caving in
846	contact	53	common	noun.event	4	the physical coming together of two or more things
847	convergence	61	ordinary	noun.event	4	the occurrence of two or more things coming together
848	crash	66	ordinary	noun.event	4	a sudden large decline of business or the prices of stocks (especially one that causes additional failures)
849	disappearance	63	ordinary	noun.event	4	the event of passing out of sight
850	discharge	52	common	noun.event	4	the sudden giving off of energy
851	ending	50	common	noun.event	4	event whose occurrence ends something
852	episode	60	common	noun.event	4	a happening that is distinctive in a series of related events
853	error	63	ordinary	noun.event	4	(computer science) the occurrence of an incorrect result produced by a computer
854	eventuality	64	ordinary	noun.event	4	a possible event or occurrence or result
855	experience	60	common	noun.event	4	an event as apprehended
856	failure	54	common	noun.event	4	an event that does not accomplish its intended purpose
857	finish	65	ordinary	noun.event	4	designated event that concludes a contest (especially a race)
858	fire	54	common	noun.event	4	the event of something burning (often destructive)
859	flash	56	common	noun.event	4	a sudden intense burst of radiant energy
860	incident	62	ordinary	noun.event	4	a single distinct event
861	interruption	57	common	noun.event	4	some abrupt occurrence that interrupts an ongoing activity
862	juncture	56	common	noun.event	4	an event that occurs at a critical time
863	movement	46	common	noun.event	4	a natural event that involves a change in the position or location of something
864	news event	74	obscure	noun.event	4	a newsworthy event
865	one-off	74	obscure	noun.event	4	a happening that occurs only once and is not repeated
866	outbreak	59	common	noun.event	4	a sudden violent spontaneous occurrence (usually of some undesirable condition)
867	outburst	58	common	noun.event	4	a sudden intense happening
868	periodic event	58	common	noun.event	4	an event that recurs at intervals
869	reverse	52	common	noun.event	4	an unfortunate happening that hinders or impedes; something that is thwarting or frustrating
870	sound	52	common	noun.event	4	the sudden occurrence of an audible event
871	success	56	common	noun.event	4	an event that accomplishes its intended purpose
872	supervention	71	technical	noun.event	4	a following on in addition
873	treat	71	technical	noun.event	4	an occurrence that causes special pleasure or delight
874	trouble	53	common	noun.event	4	an event causing distress or pain
875	wonder	65	ordinary	noun.event	4	something that causes feelings of wonder
876	Assumption	70	technical	noun.event	4	(Christianity) the taking up of the body and soul of the Virgin Mary when her earthly life had ended
877	Transfiguration	66	ordinary	noun.event	4	(New Testament) the sudden emanation of radiance from the person of Jesus
878	affair	42	common	noun.event	4	a formal or official social gathering or ceremony of people
879	contest	49	common	noun.event	4	an occasion on which a winner is selected from among two or more contestants
880	sellout	68	specific	noun.event	4	an event for which all tickets are sold
881	classification	57	common	noun.group	4	a group of people or things arranged by class or category
882	estivation	66	ordinary	noun.group	4	(botany) the arrangement of sepals and petals in a flower bud before it opens
883	flower arrangement	63	ordinary	noun.artifact	4	a decorative arrangement of flowers
884	formation	51	common	noun.group	4	an arrangement of people or things acting as a unit
885	lash-up	68	specific	noun.artifact	4	any improvised arrangement for temporary use
886	ordering	45	common	noun.group	4	logical or comprehensible arrangement of separate elements
887	scaffold	70	technical	noun.artifact	4	a temporary arrangement erected around a building for convenience of workers
888	tableau	65	ordinary	noun.group	4	a group of people attractively arranged (as if in a painting)
889	venation	67	specific	noun.group	4	(botany) the arrangement of veins in a leaf
890	vernation	70	technical	noun.group	4	(botany) the arrangement of young leaves in a leaf bud before it opens
891	antibiosis	71	technical	noun.group	4	an association between organisms that is harmful to one of them or between organisms and a metabolic product of another
892	vegetation unit	74	obscure	noun.group	4	a distinct patch or grouping of plants that can be distinguished from other units.
893	animal group	61	ordinary	noun.group	4	a group of animals
894	clade	71	technical	noun.group	4	a group of biological taxa or species that share features inherited from a common ancestor
895	colony	63	ordinary	noun.group	4	a group of organisms of the same type living or growing together
896	descendants	68	specific	noun.group	4	all of the offspring of a given progenitor
897	division	63	ordinary	noun.group	4	(biology) a group of organisms forming a subdivision of a larger category
898	generation	61	ordinary	noun.group	4	group of genetically related organisms constituting a single step in the line of descent
899	genotype	66	ordinary	noun.group	4	a group of organisms sharing a specific genetic constitution
900	taxonomic group	51	common	noun.group	4	animal or plant group having natural relations
901	Achaean	67	specific	noun.group	4	the ancient Greek inhabitants of Achaea
902	Aeolian	71	technical	noun.group	4	the ancient Greek inhabitants of Aeolia
903	Dorian	71	technical	noun.group	4	the ancient Greek inhabitants of Doris who entered Greece from the north about 1100 BC
904	Ionian	71	technical	noun.group	4	the ancient Greek inhabitants of Attica and related regions in Ionia
905	country people	68	specific	noun.group	4	people living in the same country; compatriots
906	electorate	69	specific	noun.group	4	the body of enfranchised citizens; those qualified to vote
907	governed	71	technical	noun.group	4	the body of people who are citizens of a particular government
908	Asia	71	technical	noun.group	4	the nations of the Asian continent collectively
909	Central America	73	obscure	noun.group	4	the nations of Central America collectively
910	Europe	71	technical	noun.group	4	the nations of the European continent collectively
911	Free World	74	obscure	noun.group	4	anti-communist countries collectively
912	Judaica	71	technical	noun.group	4	materials relating to Judaism
913	North America	73	obscure	noun.group	4	the nations of the North American continent collectively
914	Oort cloud	73	obscure	noun.group	4	(astronomy) a hypothetical huge collection of comets orbiting the sun far beyond the orbit of Pluto; perturbations (as by other stars) can upset a comet's orbit and may send it tumbling toward the sun
915	South America	73	obscure	noun.group	4	the nations of the South American continent collectively
916	Third World	74	obscure	noun.group	4	underdeveloped and developing countries of Asia and Africa and Latin America collectively
917	Victoriana	71	technical	noun.group	4	collection of materials of or characteristic of the Victorian era
918	agglomeration	60	common	noun.group	4	a jumbled collection or mass
919	ana	71	technical	noun.group	4	a collection of anecdotes about a person or place
920	armamentarium	71	technical	noun.group	4	the collection of equipment and methods used in the practice of medicine
921	art collection	71	technical	noun.group	4	a collection of art works
922	assortment	47	common	noun.group	4	a collection containing a variety of sorts of things
923	audio library	74	obscure	noun.group	4	an audio library is a collection of sound recordings.
924	aviation	62	ordinary	noun.group	4	the aggregation of a country's military aircraft
925	backlog	67	specific	noun.group	4	an accumulation of jobs not done or materials not processed that are yet to be dealt with (especially unfilled customer orders for products or services)
926	batch	65	ordinary	noun.group	4	a collection of things or persons to be handled together
927	battery	67	specific	noun.group	4	a collection of related things intended for use together
928	biota	66	ordinary	noun.group	4	all the plant and animal life of a particular region
929	block	69	specific	noun.group	4	a number or quantity of related things dealt with as a unit
930	book	68	specific	noun.group	4	a collection of rules or prescribed standards on the basis of which decisions are made
931	bottle collection	70	technical	noun.group	4	a collection of bottles
932	bunch	64	ordinary	noun.group	4	any collection in its entirety
933	class	40	common	noun.group	4	a collection of things sharing a common attribute
934	coin collection	71	technical	noun.group	4	a collection of coins
935	collage	71	technical	noun.group	4	any collection of diverse things
936	combination	59	common	noun.group	4	a collection of things that have been combined; an assemblage of separate parts or qualities
937	congregation	69	specific	noun.group	4	an assemblage of people or animals or things collected together
938	content	68	specific	noun.group	4	(usually plural) everything that is included in a collection and that is held or included in something
939	convoy	69	specific	noun.group	4	a collection of merchant ships with an escort of warships
940	corpus	69	specific	noun.group	4	a collection of writings
941	crop	69	specific	noun.group	4	a collection of people or things appearing together
942	data	63	ordinary	noun.group	4	a collection of facts from which conclusions may be drawn
943	defense	63	ordinary	noun.group	4	the defendant and their legal advisors collectively
944	ensemble	67	specific	noun.group	4	an assemblage of parts or details (as in a work of art) considered as forming a whole
945	exhibition	56	common	noun.group	4	a collection of things (goods or works of art etc.) for public display
946	fauna	61	ordinary	noun.group	4	all the animal life in a particular region or period
947	findings	71	technical	noun.group	4	a collection of tools and other articles used by an artisan to make jewelry or clothing or shoes
948	flagging	69	specific	noun.group	4	flagstones collectively
949	fleet	64	ordinary	noun.group	4	a group of warships organized as a tactical unit
950	flinders	71	technical	noun.group	4	bits and splinters and fragments
951	galaxy	67	specific	noun.group	4	a splendid assemblage (especially of famous people)
952	generally accepted accounting principles	72	technical	noun.group	4	a collection of rules and procedures and conventions that define accepted accounting practice; includes broad guidelines as well as detailed procedures
953	gimmickry	71	technical	noun.group	4	a collection of gimmicks
954	hand	61	ordinary	noun.group	4	the cards held in a card game by a given player at any given time
955	herbarium	71	technical	noun.group	4	a collection of dried plants that are mounted and systematically classified for study
956	hit parade	71	technical	noun.group	4	a collection of the best or most popular people or items of a given kind
957	job lot	74	obscure	noun.group	4	a miscellaneous collection of things sold together
958	kludge	70	technical	noun.group	4	a badly assembled collection of parts hastily assembled to serve some particular purpose
959	law	47	common	noun.group	4	the collection of rules imposed by authority
960	library	62	ordinary	noun.group	4	(computing) a collection of standard programs and subroutines that are stored and available for immediate use
961	long suit	68	specific	noun.group	4	in a hand, the suit having the most cards
962	mass	65	ordinary	noun.group	4	an ill-structured collection of similar things (objects or people)
963	menagerie	69	specific	noun.group	4	a collection of live animals for study or display
964	mythology	60	common	noun.group	4	myths collectively; the body of stories associated with a culture or institution or person
965	napoleoniana	71	technical	noun.group	4	items related to the life of Napoleon (engravings, paintings, books, etc.).
966	nuclear club	74	obscure	noun.group	4	the nations possessing nuclear weapons
967	pack	61	ordinary	noun.group	4	a complete collection of similar things
968	package	54	common	noun.group	4	a collection of things wrapped or boxed together
969	pantheon	66	ordinary	noun.group	4	all the gods of a religion
970	petting zoo	74	obscure	noun.group	4	a collection of docile animals for children to pet and feed
971	pharmacopoeia	70	technical	noun.artifact	4	a collection or stock of drugs
972	pile	41	common	noun.group	4	a collection of objects laid on top of each other
973	planting	69	specific	noun.group	4	a collection of plants (trees or shrubs or flowers) in a particular area
974	problematics	71	technical	noun.group	4	the uncertainties or difficulties inherent in a situation or plan.
975	procession	61	ordinary	noun.act	4	the group action of a collection of people or animals or vehicles moving ahead in more or less regular formation
976	prosecution	69	specific	noun.group	4	the lawyers acting for the state to put the case against the defendant
977	repertoire	67	specific	noun.group	4	a collection of works (plays, songs, operas, ballets) that an artist or company can perform and do perform for short intervals on a regular schedule
978	repertory	65	ordinary	noun.group	4	the entire range of skills or aptitudes or devices used in a particular field or occupation
979	rogue's gallery	73	obscure	noun.group	4	a collection of pictures of criminals
980	signage	71	technical	noun.group	4	signs collectively (especially commercial signs or posters)
981	smithereens	71	technical	noun.group	4	a collection of small fragments considered as a whole
982	stamp collection	71	technical	noun.group	4	a collection of stamps
983	statuary	69	specific	noun.group	4	statues collectively
984	string	68	specific	noun.artifact	4	a collection of things threaded on a single strand, or as if threaded on a single strand
985	sum	59	common	noun.group	4	the final aggregate
986	tenantry	71	technical	noun.group	4	tenants of an estate considered as a group
987	traffic	59	common	noun.group	4	the aggregation of things (pedestrians or vehicles) coming and going in a particular locality during a specified period of time
988	treasure	72	technical	noun.group	4	a collection of precious things
989	treasure trove	73	obscure	noun.group	4	any collection of valuables that is discovered
990	trinketry	70	technical	noun.group	4	trinkets and other ornaments of dress collectively
991	tripton	71	technical	noun.group	4	The inorganic particulate matter suspended in bodies of water such as lakes and seas.
992	troponymy	66	ordinary	noun.group	4	the place names of a region or a language considered collectively
993	vegetation	46	common	noun.group	4	all the plant life in a particular region or period
994	wardrobe	68	specific	noun.artifact	4	collection of clothing belonging to one person
995	biome	62	ordinary	noun.group	4	a major biotic community characterized by the dominant forms of plant life and the prevailing climate
996	Aborigine	64	ordinary	noun.person	4	a member of the people living in Australia when Europeans arrived
997	Azeri	71	technical	noun.group	4	an ethnic group living in Azerbaijan
998	Bengali	69	specific	noun.group	4	an ethnic group speaking Bengali and living in Bangladesh and eastern India
999	Flemish	69	specific	noun.group	4	an ethnic group speaking Flemish and living in northern and western Belgium
1000	Hebrews	67	specific	noun.group	4	the ethnic group claiming descent from Abraham and Isaac (especially from Isaac's son Jacob); the nation whom God chose to receive his revelation and with whom God chose to make a covenant (Exodus 19)
1001	Igbo	71	technical	noun.person	4	a member of the largest ethnic group in southeastern Nigeria
1002	Kurd	69	specific	noun.person	4	a member of a largely pastoral Islamic people who live in Kurdistan; the largest ethnic group without their own state
1003	Mbundu	68	specific	noun.group	4	an ethnic group speaking Umbundu and living in western Angola
1004	Nubian	71	technical	noun.person	4	a native or inhabitant of Nubia
1005	Tajik	66	ordinary	noun.group	4	an ethnic group (mostly Muslim) living in Tajikistan and neighboring areas of Uzbekistan and Afghanistan and China
1006	Walloons	71	technical	noun.group	4	an ethnic group speaking a dialect of French and living in southern and eastern Belgium and neighboring parts of France
1007	ethnic minority	68	specific	noun.group	4	a group that has different national or cultural traditions from the majority of the population
1008	astatine	64	ordinary	noun.substance	4	a highly unstable radioactive element (the heaviest of the halogen series); a decay product of uranium and thorium
1009	bromine	63	ordinary	noun.substance	4	a nonmetallic heavy volatile corrosive dark brown liquid element belonging to the halogens; found in sea water
1010	chlorine	61	ordinary	noun.substance	4	a common nonmetallic element belonging to the halogens; best known as a heavy yellow irritating toxic gas; used to purify water and as a bleaching agent and disinfectant; occurs naturally only as a salt (as in sea water)
1011	fluorine	62	ordinary	noun.substance	4	a nonmetallic univalent element belonging to the halogens; usually a yellow irritating toxic flammable gas; a powerful oxidizing agent; recovered from fluorite or cryolite or fluorapatite
1012	iodine	53	common	noun.substance	4	a nonmetallic element belonging to the halogens; used especially in medicine and photography and in dyes; occurs naturally only in combination in small quantities (as in sea water or rocks)
1013	mineral kingdom	74	obscure	noun.group	4	all inorganic objects; contrasts with animal and plant kingdoms
1014	audience	62	ordinary	noun.group	4	the part of the general public interested in a source of information, entertainment, or a product/service
1015	following	59	common	noun.group	4	a group of followers or enthusiasts
1016	laity	67	specific	noun.group	4	in Christianity, members of a religious community that do not have the priestly responsibilities of ordained clergy
1017	Slavic people	73	obscure	noun.person	4	group of people speaking a Slavonic language
1018	age group	63	ordinary	noun.group	4	a group of people having approximately the same age
1019	ancients	71	technical	noun.group	4	people who lived in times long past (especially during the historical period before the fall of the Roman Empire in western Europe)
1020	baffled	71	technical	noun.group	4	people who are frustrated and perplexed
1021	blind	65	ordinary	noun.group	4	people who have severe visual impairments, considered as a group
1022	blood	71	technical	noun.group	4	people viewed as members of a group
1023	brave	71	technical	noun.group	4	people who are brave
1024	building	67	specific	noun.group	4	the occupants of a building
1025	business people	69	specific	noun.group	4	people who transact business (especially business executives)
1026	chosen people	71	technical	noun.group	4	any people believing themselves to be chosen by God
1027	clientele	64	ordinary	noun.group	4	customers collectively
1028	coevals	55	common	noun.group	4	all the people living at the same time or of approximately the same age
1029	damned	71	technical	noun.group	4	people who are condemned to eternal punishment
1030	dead	65	ordinary	noun.group	4	people who are no longer living
1031	deaf	70	technical	noun.group	4	people who have severe hearing impairments
1032	defeated	68	specific	noun.group	4	people who are defeated
1033	disabled	65	ordinary	noun.group	4	people collectively who are crippled or otherwise physically handicapped
1034	doomed	68	specific	noun.group	4	people who are destined to die soon
1035	enemy	70	technical	noun.group	4	any hostile group of people
1036	episcopacy	68	specific	noun.group	4	the collective body of bishops
1037	folk	52	common	noun.group	4	people in general (often used in the plural)
1038	free	68	specific	noun.group	4	people who are free
1039	homebound	70	technical	noun.group	4	people who are confined to their homes
1040	initiate	68	specific	noun.group	4	people who have been introduced to the mysteries of some field or activity
1041	living	68	specific	noun.group	4	people who are still living
1042	lobby	69	specific	noun.group	4	the people who support some common cause or business or principle or sectional interest
1043	mentally retarded	67	specific	noun.group	4	people collectively who are mentally retarded
1044	nation	53	common	noun.group	4	the people who live in a nation or country
1045	nationality	69	specific	noun.group	4	people having common origins or traditions and often comprising a nation
1046	network army	74	obscure	noun.group	4	a group of like-minded people united by the internet; a new kind of social or political of business group that may exert broad influence on a shared concern
1047	peanut gallery	71	technical	noun.group	4	(figurative) people whose criticisms are regarded as irrelevant or insignificant (resembling uneducated people who throw peanuts on the stage to express displeasure with a performance)
1048	peoples	71	technical	noun.group	4	the human beings of a particular nation or community or ethnic group
1049	pocket	73	obscure	noun.group	4	a small isolated group of people
1050	poor people	66	ordinary	noun.group	4	people without possessions or wealth (considered as a group)
1051	populace	61	ordinary	noun.group	4	people in general considered as a whole
1052	rank and file	76	obscure	noun.group	4	people who constitute the main body of any group
1053	retreated	71	technical	noun.group	4	people who have retreated
1054	rich people	70	technical	noun.group	4	people who have possessions and wealth (considered as a group)
1055	sick	69	specific	noun.group	4	people who are sick
1056	smart money	74	obscure	noun.group	4	people who are highly experienced or who have inside information
1057	timid	68	specific	noun.group	4	people who are fearful and cautious
1058	tradespeople	70	technical	noun.group	4	people engaged in trade
1059	unconfessed	71	technical	noun.group	4	people who have not confessed
1060	unemployed people	70	technical	noun.group	4	people who are involuntarily out of work (considered as a group)
1061	uninitiate	71	technical	noun.group	4	people who have not been introduced to the mysteries of some field or activity
1062	womankind	70	technical	noun.group	4	women as distinguished from men
1063	wounded	68	specific	noun.group	4	people who are wounded
1064	overpopulation	71	technical	noun.group	4	too much population
1065	people of color	72	technical	noun.group	4	a race with skin pigmentation different from the white race (especially Blacks)
1066	terbium metal	74	obscure	noun.substance	4	a separate group of related lanthanides, including terbium, europium, gadolinium, and sometimes dysprosium
1067	Jewry	70	technical	noun.group	4	Jews collectively
1068	artworld	71	technical	noun.group	4	the community of people interested in the arts
1069	fanbase	71	technical	noun.group	4	All of the fans or devotees of something
1070	force	73	obscure	noun.group	4	a group of people having the power of effective action
1071	fringe	71	technical	noun.group	4	a social group holding marginal or extreme views
1072	gathering	43	common	noun.group	4	a group of persons together in one place
1073	interest	65	ordinary	noun.group	4	(usually plural) a social group whose members control some field of activity and who have common aims
1074	kin	41	common	noun.group	4	group of people related by blood or marriage
1075	kith	71	technical	noun.group	4	your friends and acquaintances
1076	minority	67	specific	noun.group	4	a group of people who differ racially or politically from a larger group of which it is a part
1077	moiety	70	technical	noun.group	4	one of two basic subdivisions of a tribe
1078	nonalignment	68	specific	noun.group	4	people (or countries) who are not aligned with other people (or countries) in a pact or treaty
1079	organization	35	common	noun.group	4	a group of people who work together
1080	organized crime	59	common	noun.group	4	underworld organizations
1081	phylum	68	specific	noun.group	4	(linguistics) a large group of languages that are historically related
1082	platoon	71	technical	noun.group	4	a group of persons who are engaged in a common activity
1083	political system	57	common	noun.group	4	the members of a social organization who are in power
1084	revolving door	71	technical	noun.group	4	an organization or institution with a high rate of turnover of personnel or membership
1085	risk group	74	obscure	noun.group	4	a group of people that share the likelihood of being affected by a given event (developing a disease, chance of being cured, etc.).
1086	sector	60	common	noun.group	4	a social group that forms part of the society or the economy
1087	society	54	common	noun.group	4	an extended social group having a distinctive cultural and economic organization
1088	subculture	61	ordinary	noun.group	4	a social group within a national culture that has distinctive patterns of behavior and beliefs
1089	tribe	59	common	noun.group	4	a social division of (usually preliterate) people
1090	wing	73	obscure	noun.group	4	a group within a political party or legislature or other organization that holds distinct views or has a particular function
1091	bench	71	technical	noun.group	4	the reserve players on a team
1092	infestation	67	specific	noun.group	4	a swarm of insects that attack plants
1093	dragnet	69	specific	noun.group	4	a system of coordinated measures for apprehending (criminals or other individuals)
1094	economy	51	common	noun.group	4	the system of production and distribution and consumption
1095	ecosystem	71	technical	noun.group	4	a system formed by the interaction of a community of organisms with their physical environment
1096	judiciary	57	common	noun.group	4	the system of law courts that administer justice and constitute the judicial branch of government
1097	language system	66	ordinary	noun.communication	4	a system of linguistic units or elements used in a particular language
1098	machinery	71	technical	noun.group	4	a system of means and activities whereby a social institution functions
1099	network	55	common	noun.group	4	an interconnected system of things or people
1100	nonlinear system	74	obscure	noun.group	4	a system whose performance cannot be described by equations of the first degree
1101	rootage	65	ordinary	noun.plant	4	a developed system of roots
1102	shebang	71	technical	noun.group	4	an entire system; used in the phrase ‘the whole shebang’
1103	social organization	49	common	noun.group	4	the people in a society considered as a system organized by a characteristic pattern of relationships
1104	solar system	71	technical	noun.object	4	the sun with the celestial bodies that revolve around it in its gravitational field
1105	subsystem	71	technical	noun.group	4	a system that is part of some larger system
1106	syntax	69	specific	noun.group	4	a systematic orderly arrangement
1107	water system	70	technical	noun.object	4	a river and all of its tributaries
1108	brahman	67	specific	noun.group	4	the highest of the four varnas: the priestly or sacerdotal category
1109	rajanya	71	technical	noun.group	4	the second highest of the four varnas: the noble or warrior category
1110	sudra	67	specific	noun.group	4	the lowest of the four varnas: the servants and workers of low status
1111	vaisya	70	technical	noun.group	4	the third of the four varnas: the commoners or yeoman farmers or mercantile and professional category
1112	absolute value	68	specific	noun.quantity	4	a real number regardless of its sign
1113	acid value	73	obscure	noun.quantity	4	(chemistry) the amount of free acid present in fat as measured by the milligrams of potassium hydroxide needed to neutralize it
1114	chlorinity	71	technical	noun.quantity	4	a measure of the quantity of chlorine or other halides in water (especially seawater)
1115	extractivity	71	technical	noun.quantity	4	the amount of extract that grains of malt yield.
1116	number	46	common	noun.quantity	4	a concept of quantity involving zero and units
1117	quire	70	technical	noun.quantity	4	a quantity of paper; 24 or 25 sheets
1118	ream	70	technical	noun.quantity	4	a quantity of paper; 480 or 500 sheets; one ream equals 20 quires
1119	toxicity	66	ordinary	noun.quantity	4	the degree to which something is poisonous
1120	unit of measurement	49	common	noun.quantity	4	any division of quantity accepted as a standard of measurement or exchange
1121	length	56	common	noun.attribute	4	the linear extent in space from one end to the other; the longest dimension of something that is fixed in place
1122	temperature	58	common	noun.attribute	4	the degree of hotness or coldness of a body or environment (corresponding to its molecular activity)
1123	time period	44	common	noun.time	4	an amount of time
1124	addition	59	common	noun.quantity	4	a quantity that is added
1125	bag	65	ordinary	noun.quantity	4	the quantity of game taken in a particular period (usually by one person)
1126	breakage	67	specific	noun.quantity	4	the quantity broken
1127	capacity	69	specific	noun.quantity	4	(computer science) the amount of information (in bytes) that can be stored on a disk drive
1128	containerful	57	common	noun.quantity	4	the quantity that a container will hold
1129	correction	63	ordinary	noun.quantity	4	a quantity that is added or subtracted in order to increase the accuracy of a scientific measure
1130	dose	65	ordinary	noun.quantity	4	the quantity of an active agent (substance or radiation) taken in or absorbed at any one time
1131	footstep	61	ordinary	noun.quantity	4	the distance covered by a step
1132	headspace	71	technical	noun.quantity	4	the volume left at the top of a filled container (bottle or jar or tin) before sealing
1133	kilometrage	71	technical	noun.quantity	4	the number of kilometres travelled by a vehicle.
1134	large indefinite quantity	62	ordinary	noun.quantity	4	an indefinite quantity that is above the average in size or magnitude
1135	lift capacity	70	technical	noun.quantity	4	the maximum recommended load a crane can lift.
1136	limit	64	ordinary	noun.quantity	4	the greatest amount of something that is possible or allowed
1137	load	69	specific	noun.quantity	4	an amount of alcohol sufficient to intoxicate
1138	outage	69	specific	noun.quantity	4	the amount of something (as whiskey or oil) lost in storage or transportation
1139	output	60	common	noun.quantity	4	the quantity of something (as a commodity) that is created (usually within a given period of time)
1140	precipitation	65	ordinary	noun.quantity	4	the quantity of water falling to earth at a specific place within a specified period of time
1141	region	68	specific	noun.quantity	4	the approximate amount of something (usually used prepositionally as in ‘in the region of’)
1142	reserve	67	specific	noun.quantity	4	(medicine) potential capacity to respond in order to maintain vital functions
1143	run	73	obscure	noun.quantity	4	the production achieved during a continuous period of operation (of a machine or factory etc.)
1144	skinful	71	technical	noun.quantity	4	a quantity of alcoholic drink sufficient to make you drunk
1145	small indefinite quantity	57	common	noun.quantity	4	an indefinite quantity that is below average size or magnitude
1146	spillage	69	specific	noun.quantity	4	the amount that has spilled
1147	spoilage	67	specific	noun.quantity	4	the amount that has spoiled
1148	supply	65	ordinary	noun.quantity	4	an amount of something available for use
1149	tankage	67	specific	noun.quantity	4	the quantity contained in (or the capacity of) a tank or tanks
1150	top-up	74	obscure	noun.quantity	4	an amount needed to restore something to its former level
1151	ullage	71	technical	noun.quantity	4	the amount that a container (as a wine bottle or tank) lacks of being full
1152	magnetic flux	66	ordinary	noun.quantity	4	a measure of the strength of a magnetic field over a given area
1153	hole	61	ordinary	noun.artifact	4	one playing period (from tee to green) on a golf course
1154	arrival time	70	technical	noun.time	4	the time at which a public conveyance is scheduled to arrive at a given destination
1155	deadline	69	specific	noun.time	4	the point in time at which something must be completed
1156	departure time	68	specific	noun.time	4	the time at which a public conveyance is scheduled to depart from a given point of origin
1157	distance	75	obscure	noun.time	4	a remote point in time
1158	middle	70	technical	noun.time	4	the point between the beginning and the end of a temporal period or process
1159	midterm	68	specific	noun.time	4	middle of an academic term or a political term in office
1160	moment	46	common	noun.time	4	a particular point in time
1161	phase	66	ordinary	noun.time	4	a particular point in the time of a cycle; measured from some arbitrary zero and expressed as an angle
1162	run-time	71	technical	noun.time	4	the time at which a (software or multimedia) program is run
1163	show time	74	obscure	noun.time	4	the point in time at which an entertainment (a movie or television show etc.) is scheduled to begin
1164	term	70	technical	noun.time	4	the end of gestation or point at which birth is imminent
1165	then	71	technical	noun.time	4	that time; that moment
1166	conditional probability	70	technical	noun.attribute	4	the probability that an event will occur given that one or more other events have occurred
1167	cross section	73	obscure	noun.attribute	4	(physics) the probability that a particular interaction (as capture or ionization) will take place between particles; measured in barns
1168	exceedance	70	technical	noun.attribute	4	(geology) the probability that an earthquake will generate a level of ground motion that exceeds a specified reference level during a given exposure time
1169	fair chance	70	technical	noun.attribute	4	a reasonable probability of success
1170	fat chance	70	technical	noun.attribute	4	little or no chance of success
1171	joint probability	74	obscure	noun.attribute	4	the probability of two events occurring together
1172	risk	69	specific	noun.attribute	4	the probability of being exposed to an infectious agent
1173	quasiparticle	71	technical	noun.cognition	4	a quantum of energy (in a crystal lattice or other system) that has position and momentum and can in some respects be regarded as a particle
1174	enough	65	ordinary	noun.quantity	4	an adequate quantity; a quantity that is large enough to achieve a purpose
1175	majority	65	ordinary	noun.quantity	4	(elections) more than half of the votes
1176	normality	64	ordinary	noun.quantity	4	(of a solution) concentration expressed in gram equivalents of solute per liter
1177	nothing	53	common	noun.quantity	4	a quantity of no importance; thing (object:), singular, negative pronoun; pronoun, thing, singular; quantifier: negative existential
1178	Beaufort scale	73	obscure	noun.quantity	4	a scale from 0 to 12 for the force of the wind
1179	Brix scale	74	obscure	noun.quantity	4	a system for measuring the concentration of sugar solutions
1180	board measure	74	obscure	noun.quantity	4	a system of units for measuring lumber based on the board foot
1181	circular measure	74	obscure	noun.quantity	4	measurement of angles in radians
1182	information measure	69	specific	noun.quantity	4	a system of measurement of information based on the probabilities of the events that convey information
1183	monetary aggregate	74	obscure	noun.quantity	4	a type of measure of a country's money supply.
1184	point system	72	technical	noun.quantity	4	a system of graduating sizes of type in multiples of the point
1185	standard	38	common	noun.communication	4	a basis for comparison; a reference point against which other things can be evaluated
1186	system of weights	69	specific	noun.quantity	4	a system of units used to express the weight of something
1187	system of weights and measures	70	technical	noun.quantity	4	system of measurement for length and weight and duration
1188	temperature scale	68	specific	noun.relation	4	a system of measuring temperature
1189	absence	70	technical	noun.time	4	the time interval during which something or somebody is away
1190	access time	72	technical	noun.time	4	(computer science) the interval between the time data is requested by the system and the time the data is provided by the drive
1191	cycle	54	common	noun.time	4	an interval during which a recurring sequence of events occurs
1192	embolism	64	ordinary	noun.time	4	an insertion into a calendar
1193	float	64	ordinary	noun.time	4	the time interval between the deposit of a check in a bank and its payment
1194	interim	58	common	noun.time	4	the time between one event, process, or period and another
1195	interlude	66	ordinary	noun.time	4	an intervening period or episode
1196	latent period	73	obscure	noun.time	4	the time that elapses before the presence of a disease is manifested by symptoms
1197	lead time	74	obscure	noun.time	4	the time interval between the initiation and the completion of a production process
1198	lunitidal interval	74	obscure	noun.time	4	interval between the moon's transit of a particular meridian and the next high tide at that meridian
1199	pause	46	common	noun.time	4	a time interval during which there is a temporary cessation of something
1200	period	64	ordinary	noun.time	4	the interval taken to complete one cycle of a regularly repeating phenomenon
1201	processing time	71	technical	noun.time	4	the time it takes to complete a prescribed procedure
1202	reaction time	63	ordinary	noun.time	4	the time that elapses between a stimulus and the response to it
1203	rotational latency	69	specific	noun.time	4	(computer science) the time it takes for a specific block of data on a data track to rotate around to the read/write head
1204	seek time	70	technical	noun.time	4	(computer science) the time it takes for a read/write head to move to a specific data track
1205	time constant	68	specific	noun.time	4	(electronics) the time required for the current or voltage in a circuit to rise or fall exponentially through approximately 63 per cent of its amplitude
1206	time slot	70	technical	noun.time	4	a time assigned on a schedule or agenda
1207	Maha-Yuga	69	specific	noun.time	4	A Mahayuga is a Hindu unit of time.
1208	attosecond	70	technical	noun.time	4	one quintillionth (10^-18) of a second; one thousandth of a femtosecond
1209	bell	66	ordinary	noun.time	4	(nautical) each of the eight half-hour units of nautical time signaled by strokes of a ship's bell; eight bells signals 4:00, 8:00, or 12:00 o'clock, either a.m. or p.m.
1210	day	38	common	noun.time	4	time for Earth to make a complete rotation on its axis
1211	femtosecond	70	technical	noun.time	4	one quadrillionth (10^-15) of a second; one thousandth of a picosecond
1212	half-hour	69	specific	noun.time	4	a half of an hour
1213	hour	53	common	noun.time	4	a period of time equal to 1/24th of a day
1214	mean time	69	specific	noun.time	4	(astronomy) time based on the motion of the mean sun (an imaginary sun moving uniformly along the celestial equator)
1215	microsecond	70	technical	noun.time	4	one millionth (10^-6) of a second; one thousandth of a millisecond
1216	millisecond	66	ordinary	noun.time	4	one thousandth (10^-3) of a second
1217	minute	60	common	noun.time	4	a unit of time equal to 60 seconds or 1/60th of an hour
1218	month	63	ordinary	noun.time	4	a time unit of approximately 30 days
1219	nanosecond	70	technical	noun.time	4	one billionth (10^-9) of a second; one thousandth of a microsecond
1220	night	70	technical	noun.time	4	the dark part of the diurnal cycle considered a time unit
1221	picosecond	70	technical	noun.time	4	one trillionth (10^-12) of a second; one thousandth of a nanosecond
1222	quarter	68	specific	noun.time	4	a unit of time equal to 15 minutes or a quarter of an hour
1223	quarter-hour	69	specific	noun.time	4	a quarter of an hour
1224	second	52	common	noun.time	4	1/60 of a minute; the basic unit of time adopted under the Systeme International d'Unites
1225	sidereal day	70	technical	noun.time	4	the time for one complete rotation of the earth relative to a particular star, about 4 minutes shorter than a mean solar day
1226	terrestrial time	59	common	noun.time	4	(astronomy) a measure of time defined by Earth's orbital motion; terrestrial time is mean solar time corrected for the irregularities of the Earth's motions
1227	yuga	70	technical	noun.time	4	the name of an epoch or era within a four age cycle in Hindu philosophy.
1228	mess of pottage	76	obscure	noun.possession	4	anything of trivial value
1229	premium	67	specific	noun.possession	4	the amount that something in scarce supply is valued above its nominal value
1230	attitude	45	common	noun.cognition	4	a complex mental state involving beliefs and feelings and values and dispositions to act in certain ways
1231	cognitive factor	64	ordinary	noun.cognition	4	something immaterial (as a circumstance or influence) that contributes to producing a result
1232	episteme	71	technical	noun.cognition	4	the body of ideas that determine the knowledge that is intellectually certain at any particular time
1233	equivalent	61	ordinary	noun.cognition	4	a person or thing equal to another in value or measure or force or effect or significance etc
1234	history	73	obscure	noun.cognition	4	all that is remembered of the past as preserved in writing; a body of knowledge
1235	lexis	70	technical	noun.cognition	4	all of the words in a language; all word forms having meaning or grammatical function
1236	mind	44	common	noun.cognition	4	that which is responsible for one's thoughts, feelings, and conscious brain functions; the seat of the faculty of reason
1237	perception	67	specific	noun.cognition	4	knowledge gained by perceiving
1238	place	65	ordinary	noun.cognition	4	an abstract mental location
1239	practice	64	ordinary	noun.cognition	4	knowledge of how something is usually done
1240	public knowledge	65	ordinary	noun.cognition	4	knowledge that is available to anyone
1241	structure	54	common	noun.cognition	4	the complex composition of knowledge as elements and their combinations
1242	vocabulary	61	ordinary	noun.cognition	4	a language user's knowledge of words
1243	ethical motive	57	common	noun.motive	4	motivation based on ideas of right and wrong
1244	irrational motive	64	ordinary	noun.motive	4	a motivation that is inconsistent with reason or logic
1245	life	73	obscure	noun.motive	4	a motive for living
1246	psychic energy	64	ordinary	noun.motive	4	an actuating force or factor
1247	rational motive	67	specific	noun.motive	4	a motive that can be defended by reasoning or logical argument
1248	urge	60	common	noun.motive	4	an instinctive motive
1249	rapport	68	specific	noun.relation	4	a relationship of mutual understanding or trust and agreement between people
1250	sympathy	69	specific	noun.relation	4	a relation of affinity or harmony between people; whatever affects one correspondingly affects the other
1251	clientage	71	technical	noun.relation	4	relation of a client to a patron
1252	competition	64	ordinary	noun.relation	4	a business relation in which two parties compete to gain customers
1253	gradient	64	ordinary	noun.relation	4	a graded change in the magnitude of some physical quantity or dimension
1254	imaginative comparison	74	obscure	noun.relation	4	the kind of mental comparison that is expressed in similes or metaphors or allegories
1255	alliance	61	ordinary	noun.relation	4	a connection based on kinship or marriage or common interest
1256	bridge	67	specific	noun.relation	4	something resembling a bridge in form or function
1257	concatenation	68	specific	noun.relation	4	the linking together of a consecutive series of symbols or events or ideas etc
1258	involvement	64	ordinary	noun.relation	4	a connection of inclusion or containment
1259	linkage	64	ordinary	noun.relation	4	an associative relation
1260	relatedness	69	specific	noun.relation	4	a particular manner of connectedness
1261	relevance	62	ordinary	noun.relation	4	the relation of something to the matter at hand
1262	footing	60	common	noun.relation	4	a relation that provides the foundation for something
1263	grass roots	71	technical	noun.relation	4	the essential foundation or source
1264	psychodynamics	69	specific	noun.relation	4	the interrelation of conscious and unconscious processes and emotions that determine personality and motivation
1265	brotherhood	66	ordinary	noun.relation	4	the kinship relation between a male offspring and the siblings
1266	consanguinity	63	ordinary	noun.relation	4	(anthropology) the condition of being related by blood
1267	descent	55	common	noun.relation	4	the kinship relation between an individual and the individual's progenitors
1268	fatherhood	64	ordinary	noun.relation	4	the kinship relation between an offspring and the father
1269	marital relationship	70	technical	noun.relation	4	the relationship between wife and husband
1270	motherhood	68	specific	noun.relation	4	the kinship relation between an offspring and the mother
1271	parentage	66	ordinary	noun.relation	4	the kinship relation of an offspring to the parents
1272	sisterhood	64	ordinary	noun.relation	4	the kinship relation between a female offspring and the siblings
1273	grammatical relation	61	ordinary	noun.relation	4	a linguistic relation established by grammar
1274	homonymy	71	technical	noun.relation	4	the relation between two words that are spelled the same way but differ in meaning or the relation between two words that are pronounced the same way but differ in meaning
1275	semantic relation	67	specific	noun.relation	4	a relation between meanings
1276	antilogism	71	technical	noun.relation	4	an inconsistent triad of propositions in logic of which two are premises of a valid syllogism while the third is the contradictory of its conclusion.
1277	contradictory	71	technical	noun.relation	4	two propositions are contradictories if both cannot be true (or both cannot be false) at the same time
1278	contrary	71	technical	noun.relation	4	a logical relation such that two propositions are contraries if both cannot be true but both can be false
1279	implication	64	ordinary	noun.relation	4	a logical relation between propositions p and q of the form ‘if p then q’; if p is true then q cannot be false
1280	modality	63	ordinary	noun.relation	4	a classification of propositions on the basis of whether they claim necessity or possibility or impossibility
1281	reflexivity	66	ordinary	noun.relation	4	(logic and mathematics) a relation such that it holds between an element and itself
1282	transitivity	67	specific	noun.relation	4	(logic and mathematics) a relation between three elements such that if it holds between the first and second and it also holds between the second and third it must necessarily hold between the first and third
1283	proportion	68	specific	noun.relation	4	the relation between things (or parts of things) with respect to their comparative quantity, magnitude, or degree
1284	rate	51	common	noun.time	4	a magnitude or frequency relative to a time unit
1285	ratio	54	common	noun.relation	4	the relative magnitudes of two quantities (usually expressed as a quotient)
1286	scale	65	ordinary	noun.relation	4	relative magnitude
1287	parity	63	ordinary	noun.relation	4	(mathematics) a relation between a pair of integers: if both integers are odd or both are even they have the same parity; if one is odd and the other is even they have different parity
1288	antagonism	68	specific	noun.relation	4	the relation between opposing principles or forces or factors
1289	antipode	71	technical	noun.relation	4	direct opposite
1290	antithesis	69	specific	noun.relation	4	exact opposite
1291	contradiction	63	ordinary	noun.relation	4	opposition between two conflicting forces or ideas
1292	contradictoriness	69	specific	noun.relation	4	the relation that exists when opposites cannot coexist
1293	contrariety	71	technical	noun.relation	4	the relation between contraries
1294	contrast	62	ordinary	noun.relation	4	the opposition or dissimilarity of things that are compared
1295	flip side	74	obscure	noun.relation	4	a different aspect of something (especially the opposite aspect)
1296	gradable opposition	71	technical	noun.relation	4	an opposition that is capable of being graded
1297	inverse	64	ordinary	noun.relation	4	something inverted in sequence or character or effect
1298	mutual opposition	70	technical	noun.relation	4	a relation between two opposite attributes or tendencies
1299	polarity	63	ordinary	noun.relation	4	having an indicated pole (as the distinction between positive and negative electric charges)
1300	tertium quid	74	obscure	noun.relation	4	some third thing similar to two opposites but distinct from both
1301	ungradable opposition	71	technical	noun.relation	4	an opposition that has no intermediate grade; either one or the other
1302	employee ownership	74	obscure	noun.possession	4	ownership of a business by the people who work for it
1303	landholding	69	specific	noun.possession	4	ownership of land; the state or fact of owning land
1304	property right	70	technical	noun.possession	4	the legal right of ownership
1305	proprietorship	68	specific	noun.possession	4	an unincorporated business owned by a single person who is responsible for its liabilities and entitled to its profits
1306	severalty	71	technical	noun.possession	4	exclusive individual ownership
1307	stockholding	71	technical	noun.possession	4	ownership of stocks; the state or fact of holding stock
1308	basis	68	specific	noun.relation	4	the most important or necessary part of something
1309	butt	65	ordinary	noun.plant	4	the part of a plant from which the roots spring or the part of a stalk or trunk nearest the roots
1310	detail	58	common	noun.relation	4	a small part that can be considered separately from the whole
1311	item	53	common	noun.communication	4	a distinct part that can be specified separately in a group of things that could be enumerated on a list
1312	language unit	49	common	noun.communication	4	one of the natural units into which linguistic messages can be analyzed
1313	member	67	specific	noun.relation	4	anything that belongs to a set or class
1314	remainder	50	common	noun.relation	4	something left after other parts have been taken away
1315	subpart	71	technical	noun.relation	4	a part of a part
1316	angular position	70	technical	noun.relation	4	relation by which any position with respect to any other position is established
1317	anteriority	69	specific	noun.attribute	4	the quality of being in front or (in lower animals) toward the head
1318	centrality	71	technical	noun.attribute	4	the property of being central
1319	coincidence	69	specific	noun.attribute	4	the quality of occupying the same position or area in space
1320	dead center	70	technical	noun.attribute	4	the position of a crank when it is in line with the connecting rod and not exerting torque
1321	horizontality	71	technical	noun.attribute	4	the quality of being parallel to the horizon
1322	inwardness	70	technical	noun.attribute	4	the quality or state of being inward or internal
1323	malposition	68	specific	noun.attribute	4	faulty position
1324	marginality	71	technical	noun.attribute	4	the property of being marginal or on the fringes
1325	northernness	71	technical	noun.attribute	4	the property of being to the north
1326	occlusion	68	specific	noun.attribute	4	(dentistry) the normal spatial relation of the teeth when the jaws are closed
1327	outwardness	63	ordinary	noun.attribute	4	the quality or state of being outside or directed toward or relating to the outside or exterior
1328	placement	49	common	noun.attribute	4	the spatial property of the way in which something is placed
1329	point of view	73	obscure	noun.attribute	4	the spatial property of the position from which something is observed
1330	posteriority	68	specific	noun.attribute	4	the quality of being toward the back or toward the rear end
1331	room	51	common	noun.quantity	4	space for movement
1332	slot	64	ordinary	noun.communication	4	a position in a grammatical linguistic construction in which a variety of alternative units are interchangeable
1333	southernness	71	technical	noun.attribute	4	the property of being to the south
1334	tilt	57	common	noun.attribute	4	the property possessed by a line or surface that departs from the vertical
1335	verticality	61	ordinary	noun.attribute	4	position at right angles to the horizon
1336	assets	52	common	noun.possession	4	anything of material value or usefulness that is owned by a person or company
1337	circumstances	71	technical	noun.possession	4	a person's financial situation (good or bad)
1338	liabilities	56	common	noun.possession	4	anything that is owed to someone else
1339	transferred property	50	common	noun.possession	4	a possession whose ownership changes or lapses
1340	white elephant	71	technical	noun.possession	4	a valuable possession whose upkeep is excessively expensive
1341	complementarity	71	technical	noun.relation	4	the interrelation of reciprocity whereby one thing supplements or depends on the other
1342	correlation	64	ordinary	noun.relation	4	a reciprocal relation between two or more things
1343	mutuality	57	common	noun.relation	4	a reciprocal relation between interdependent entities (objects or individuals or groups)
1344	reciprocal	67	specific	noun.relation	4	something (a term or expression or concept) that has an inverse relation to something else
1345	bromance	71	technical	noun.relation	4	non-sexual but intense relationship between two men
1346	partnership	69	specific	noun.relation	4	a cooperative relationship between people or groups who agree to share responsibility for achieving some specific goal
1347	personal relation	64	ordinary	noun.relation	4	a relation between persons
1348	chemistry	64	ordinary	noun.relation	4	the way two individuals relate to each other
1349	politics	61	ordinary	noun.relation	4	social relations involving intrigue to gain authority or power
1350	professional relation	64	ordinary	noun.relation	4	the relation that exists when one person requests and is granted professional help from a qualified source
1351	relations	68	specific	noun.relation	4	mutual dealings or connections or communications among persons or groups
1352	antecedent	67	specific	noun.relation	4	anything that precedes something similar in time
1353	asynchronism	57	common	noun.relation	4	the relation that exists when things occur at unrelated times
1354	chronology	67	specific	noun.relation	4	an arrangement of events in time
1355	synchronism	57	common	noun.relation	4	the relation that exists when things occur at the same time
1356	irrelevance	64	ordinary	noun.relation	4	the lack of a relation of something to the matter at hand
1357	unrelatedness	69	specific	noun.relation	4	the lack of any particular manner of connectedness
1358	scalar field	74	obscure	noun.group	4	a field of scalars
1359	Abelian group	70	technical	noun.cognition	4	a group that satisfies the commutative law
1360	origin	71	technical	noun.cognition	4	the point of intersection of coordinate axes; where the values of the coordinates are all zero
1361	closed interval	70	technical	noun.cognition	4	an interval that includes its endpoints
1362	open interval	70	technical	noun.cognition	4	an interval that does not include its endpoints
1363	sub-interval	74	obscure	noun.cognition	4	an interval that is included in another interval
1364	manifold	71	technical	noun.group	4	a set of points such as those of a closed surface or an analogue in three or more dimensions
1365	metric space	70	technical	noun.group	4	a set of points such that for every pair of points there is a nonnegative real number called their distance that is symmetric and satisfies the triangle inequality
1366	null space	74	obscure	noun.group	4	a space that contains no points; and empty space
1367	subspace	71	technical	noun.group	4	a space that is contained within another space
1368	wedge sum	74	obscure	noun.group	4	(mathematics) a one-point union of a family of topological spaces.
1369	African	56	common	noun.person	4	a native or inhabitant of Africa
1370	Aquarius	67	specific	noun.person	4	(astrology) a person who is born while the sun is in Aquarius
1371	Aries	67	specific	noun.person	4	(astrology) a person who is born while the sun is in Aries
1372	Black person	61	ordinary	noun.person	4	a person with dark skin who comes from Africa (or whose ancestors came from Africa)
1373	Cancer	67	specific	noun.person	4	(astrology) a person who is born while the sun is in Cancer
1374	Capricorn	67	specific	noun.person	4	(astrology) a person who is born while the sun is in Capricorn
1375	Elizabethan	71	technical	noun.person	4	a person who lived during the reign of Elizabeth I
1376	Gemini	67	specific	noun.person	4	(astrology) a person who is born while the sun is in Gemini
1377	Jack of all trades	76	obscure	noun.person	4	a person able to do a variety of different jobs acceptably well
1378	Jat	71	technical	noun.person	4	a member of an Indo-European people widely scattered throughout the northwest of the Indian subcontinent and consisting of Muslims and Hindus and Sikhs
1379	Jew	54	common	noun.person	4	a person belonging to the worldwide group claiming descent from Jacob (or converted to it) and connected by cultural or religious ties
1380	Latin	71	technical	noun.person	4	a person who is a member of those peoples whose languages derived from Latin
1381	Leo	67	specific	noun.person	4	(astrology) a person who is born while the sun is in Leo
1382	Libra	67	specific	noun.person	4	(astrology) a person who is born while the sun is in Libra
1383	Pisces	64	ordinary	noun.person	4	(astrology) a person who is born while the sun is in Pisces
1384	Sagittarius	67	specific	noun.person	4	(astrology) a person who is born while the sun is in Sagittarius
1385	Scorpio	67	specific	noun.person	4	(astrology) a person who is born while the sun is in Scorpio
1386	Slav	65	ordinary	noun.person	4	any member of the people of eastern Europe or Asian Russia who speak a Slavonic language
1387	Taurus	67	specific	noun.person	4	(astrology) a person who is born while the sun is in Taurus
1388	Victorian	71	technical	noun.person	4	a person who lived during the reign of Victoria
1389	Virgo	67	specific	noun.person	4	(astrology) a person who is born while the sun is in Virgo
1390	White	51	common	noun.person	4	a person of European descent with a light-skinned or pale complexion
1391	abator	71	technical	noun.person	4	a person who abates a nuisance
1392	abjurer	71	technical	noun.person	4	a person who abjures
1393	abomination	67	specific	noun.person	4	a person who is loathsome or disgusting
1394	abstainer	61	ordinary	noun.person	4	a person who refrains from drinking intoxicating beverages
1395	achiever	55	common	noun.person	4	a person with a record of successes
1396	acquaintance	60	common	noun.person	4	a person with whom you are acquainted
1397	acquirer	53	common	noun.person	4	a person who acquires something (usually permanently)
1398	active	71	technical	noun.person	4	a person who is a participating member of an organization
1399	adjudicator	59	common	noun.person	4	a person who studies and settles conflicts and disputes
1400	admirer	65	ordinary	noun.person	4	a person who admires; someone who esteems or respects or approves
1401	adoptee	71	technical	noun.person	4	someone (such as a child) who has been adopted
1402	adventurer	55	common	noun.person	4	a person who enjoys taking risks
1403	adversary	51	common	noun.person	4	someone who offers opposition
1404	advisee	71	technical	noun.person	4	someone who receives advice
1405	advocate	42	common	noun.person	4	a person who pleads for a cause or propounds an idea
1406	affiant	71	technical	noun.person	4	a person who makes an affidavit
1407	agnostic	65	ordinary	noun.person	4	someone who is doubtful or noncommittal about something
1408	amateur	64	ordinary	noun.person	4	someone who pursues a study or sport as a pastime
1409	anachronism	71	technical	noun.person	4	a person who seems to be displaced in time; who belongs to another age
1410	ancient	71	technical	noun.person	4	a person who lived in ancient times
1411	anti	71	technical	noun.person	4	a person who is opposed (to an action or policy or practice etc.)
1412	anti-American	74	obscure	noun.person	4	a person who is opposed to the United States and its policies
1413	applicant	58	common	noun.person	4	a person who requests or seeks something such as assistance or employment or admission
1414	appointee	67	specific	noun.person	4	a person who is appointed to a job or position
1415	appreciator	69	specific	noun.person	4	a person who is fully aware of something and understands it
1416	apprehender	71	technical	noun.person	4	a person who seizes or arrests (especially a person who seizes or arrests in the name of justice)
1417	archaist	69	specific	noun.person	4	a person who archaizes
1418	arrogator	71	technical	noun.person	4	a person who through conceit makes pretentious claims to rights or advantages that he or she is not entitled to or to qualities that he or she does not possess
1419	assessee	71	technical	noun.person	4	a person (or property) that is assessed
1420	asthmatic	71	technical	noun.person	4	a person suffering from asthma
1421	authority	57	common	noun.person	4	(usually plural) persons who exercise (administrative) control over others
1422	autodidact	71	technical	noun.person	4	a person who has taught themself
1423	automaton	60	common	noun.person	4	someone who acts or responds in a mechanical or apathetic way
1424	baby boomer	69	specific	noun.person	4	a member of the baby boom generation in the 1950s
1425	baby buster	70	technical	noun.person	4	a person born in the generation following the baby boom when the birth rate fell dramatically
1426	bad guy	74	obscure	noun.person	4	any person who is not on your side
1427	bad person	55	common	noun.person	4	a person who does harm to others
1428	badass	71	technical	noun.person	4	A person considered impressive due to extreme attitudes, behavior or appearance
1429	baldhead	57	common	noun.person	4	a person whose head is bald or shaved
1430	balker	62	ordinary	noun.person	4	a person who refuses to comply
1431	bather	71	technical	noun.person	4	a person who takes a bath
1432	beard	69	specific	noun.person	4	a person who diverts suspicion from someone (especially a woman who accompanies a male homosexual in order to conceal his homosexuality)
1433	bedfellow	67	specific	noun.person	4	a person with whom you share a bed
1434	bereaved	68	specific	noun.person	4	a person who has suffered the death of someone they loved
1435	best	67	specific	noun.person	4	the person who is most outstanding or excellent; someone who tops all others
1436	birth	73	obscure	noun.person	4	a baby born; an offspring
1437	biter	69	specific	noun.person	4	someone who bites
1438	blogger	69	specific	noun.person	4	a person who keeps and updates a blog
1439	bluecoat	71	technical	noun.person	4	a person dressed all in blue (as a soldier or sailor)
1440	bodybuilder	57	common	noun.person	4	someone who does special exercises to develop a brawny musculature
1441	bomber	69	specific	noun.person	4	a person who plants bombs
1442	bullfighter	62	ordinary	noun.person	4	someone who fights bulls
1443	buster	71	technical	noun.person	4	a person (or thing) that breaks up or overpowers something
1444	candidate	67	specific	noun.person	4	someone who is considered for something (for an office or prize or honor etc.)
1445	capitalist	52	common	noun.person	4	a person who invests capital in a business (especially a large business)
1446	captor	62	ordinary	noun.person	4	a person who captures and holds people or animals
1447	caregiver	71	technical	noun.person	4	a person who is responsible for attending to the needs of a child or dependent adult
1448	cashier	71	technical	noun.person	4	a person responsible for receiving payments for goods and services (as in a shop or restaurant)
1449	celebrant	58	common	noun.person	4	a person who is celebrating
1450	censor	69	specific	noun.person	4	someone who censures or condemns
1451	centrist	60	common	noun.person	4	a person who takes a position in the political center
1452	chameleon	69	specific	noun.person	4	a changeable or inconstant person
1453	changer	60	common	noun.person	4	a person who changes something
1454	charmer	65	ordinary	noun.person	4	a person who charms others (usually by personal attractiveness)
1455	chutzpanik	71	technical	noun.person	4	(Yiddish) a person characterized by chutzpa
1456	closer	66	ordinary	noun.person	4	a person who closes something
1457	clumsy person	69	specific	noun.person	4	a person with poor motor coordination
1458	collector	57	common	noun.person	4	a person who collects things
1459	combatant	43	common	noun.person	4	someone who fights (or is fighting)
1460	commoner	56	common	noun.person	4	a person who holds no title
1461	communicator	51	common	noun.person	4	a person who communicates with others
1462	complexifier	71	technical	noun.person	4	someone makes things complex
1463	compulsive	65	ordinary	noun.person	4	a person with a compulsive disposition; someone who feels compelled to do certain things
1464	computer user	65	ordinary	noun.person	4	a person who uses computers for work or entertainment or communication or business
1465	conservative	58	common	noun.person	4	a person who is reluctant to accept changes and new ideas
1466	contemplative	71	technical	noun.person	4	a person devoted to the contemplative life
1467	contestant	49	common	noun.person	4	a person who participates in competitions
1468	convert	66	ordinary	noun.person	4	a person who has been converted to another religious or political belief
1469	copycat	53	common	noun.person	4	someone who copies the words or behavior of another
1470	counter	71	technical	noun.person	4	a person who counts things
1471	counterterrorist	71	technical	noun.person	4	someone who attempts to prevent terrorism
1472	coward	63	ordinary	noun.person	4	a person who shows fear or timidity
1473	crawler	66	ordinary	noun.person	4	a person who crawls or creeps along the ground
1474	creator	53	common	noun.person	4	a person who grows or makes or invents things
1475	creditor	69	specific	noun.person	4	a person to whom money is owed by a debtor; someone to whom an obligation exists
1476	dancer	60	common	noun.person	4	a person who participates in a social gathering arranged for dancing (as a ball)
1477	debaser	65	ordinary	noun.person	4	a person who lowers the quality or character or value (as by adding cheaper metal to coins)
1478	debtor	62	ordinary	noun.person	4	a person who owes a creditor; someone who has the obligation of paying a debt
1479	defecator	62	ordinary	noun.person	4	a person who defecates
1480	delayer	66	ordinary	noun.person	4	a person who delays; to put off until later or cause to be late
1481	deliverer	69	specific	noun.person	4	a person who gives up or transfers money or goods
1482	demander	71	technical	noun.person	4	a person who makes demands
1483	demon	71	technical	noun.person	4	someone extremely diligent or skillful
1484	dieter	71	technical	noun.person	4	a person who diets
1485	differentiator	68	specific	noun.person	4	a person who (or that which) differentiates
1486	disentangler	64	ordinary	noun.person	4	a person who removes tangles; someone who takes something out of a tangled state
1487	disputant	52	common	noun.person	4	a person who disputes; who is good at or enjoys controversy
1488	dissenter	49	common	noun.person	4	a person who dissents from some established policy
1489	divider	66	ordinary	noun.person	4	a person who separates something into parts or groups
1490	domestic partner	49	common	noun.person	4	a person (not necessarily a spouse) with whom you cohabit and share a long-term sexual relationship
1491	double	60	common	noun.person	4	someone who closely resembles a famous person (especially an actor)
1492	dresser	65	ordinary	noun.person	4	a person who dresses in a particular way
1493	dribbler	60	common	noun.person	4	a person who dribbles
1494	drug user	57	common	noun.person	4	a person who takes drugs
1495	eager beaver	57	common	noun.person	4	an alert and energetic person
1496	eccentric	51	common	noun.person	4	a person with an unusual or odd personality
1497	effecter	68	specific	noun.person	4	one who brings about a result or event; one who accomplishes a purpose
1498	elder	59	common	noun.person	4	a person who is older than you are
1499	emotional person	70	technical	noun.person	4	a person subject to strong states of emotion
1500	energizer	55	common	noun.person	4	someone who imparts energy and vitality and spirit to other people
1501	engineer	51	common	noun.person	4	a person who uses scientific knowledge to solve practical problems
1502	enjoyer	71	technical	noun.person	4	a person who delights in having or using or experiencing something
1503	enrollee	59	common	noun.person	4	a person who enrolls in (or is enrolled in) a class or course of study
1504	entertainer	53	common	noun.person	4	a person who tries to please or amuse
1505	ethnic	71	technical	noun.person	4	a person who is a member of an ethnic group
1506	ex-spouse	74	obscure	noun.person	4	a person who was formerly a spouse
1507	experimenter	68	specific	noun.person	4	a person who enjoys testing innovative ideas
1508	expert	53	common	noun.person	4	a person with special knowledge or ability who performs skillfully
1509	explorer	60	common	noun.person	4	someone who travels into little known regions (especially for some scientific purpose)
1510	extrovert	67	specific	noun.person	4	(psychology) a person concerned more with practical realities than with inner thoughts and feelings
1511	faddist	69	specific	noun.person	4	a person who subscribes to a variety of fads
1512	faller	71	technical	noun.person	4	a person who falls
1513	fastener	69	specific	noun.person	4	a person who fastens or makes fast
1514	fiduciary	64	ordinary	noun.person	4	a person who holds assets in trust for a beneficiary
1515	first-rater	74	obscure	noun.person	4	one who is first-rate
1516	follower	53	common	noun.person	4	a person who accepts the leadership of another
1517	free agent	64	ordinary	noun.person	4	someone acting freely or even irresponsibly
1518	friend	56	common	noun.person	4	a person you know well and regard with affection and trust
1519	fugitive	62	ordinary	noun.person	4	someone who flees from an uncongenial situation
1520	gainer	69	specific	noun.person	4	a person who gains (gains an advantage or gains profits)
1521	gambler	58	common	noun.person	4	a person who wagers money on the outcome of games or sporting events
1522	gatekeeper	69	specific	noun.person	4	someone who controls access to something
1523	gatherer	69	specific	noun.person	4	a person who gathers
1524	gentile	68	specific	noun.person	4	a person who is not a member of one's own religion; used in this sense by Mormons and Hindus
1525	go-getter	63	ordinary	noun.person	4	someone whose career progresses rapidly
1526	good guy	74	obscure	noun.person	4	any person who is on your side
1527	good person	60	common	noun.person	4	a person who is good to other people
1528	granter	67	specific	noun.person	4	a person who grants or gives something
1529	greeter	64	ordinary	noun.person	4	a person who greets
1530	grinner	71	technical	noun.person	4	a person who grins
1531	groaner	71	technical	noun.person	4	a person who groans
1532	grunter	69	specific	noun.person	4	a person who grunts
1533	guesser	71	technical	noun.person	4	a person who guesses
1534	hater	66	ordinary	noun.person	4	a person who hates
1535	hoper	71	technical	noun.person	4	a person who hopes
1536	host	61	ordinary	noun.person	4	a person who invites guests to a social event (such as a party in his or her own home) and who is responsible for them while they are there
1537	huddler	71	technical	noun.person	4	a person who crouches
1538	hugger	71	technical	noun.person	4	a person who hugs
1539	important person	55	common	noun.person	4	a person whose actions and opinions strongly influence the course of events
1540	individualist	64	ordinary	noun.person	4	a person who pursues independent thought or action
1541	inhabitant	35	common	noun.person	4	a person who inhabits a particular place
1542	innocent	62	ordinary	noun.person	4	a person who lacks knowledge of evil
1543	intellectual	50	common	noun.person	4	a person who uses the mind creatively
1544	interpreter	68	specific	noun.person	4	someone who uses art to represent something
1545	jumper	60	common	noun.person	4	a person who jumps
1546	junior	71	technical	noun.person	4	the younger of two persons
1547	killer	51	common	noun.person	4	someone who causes the death of a person or animal
1548	kink	69	specific	noun.person	4	a person with unusual sexual tastes
1549	kneeler	69	specific	noun.person	4	a person in a kneeling position
1550	knocker	67	specific	noun.person	4	a person who knocks (as seeking to gain admittance)
1551	knower	68	specific	noun.person	4	a person who knows or apprehends
1552	kook	57	common	noun.person	4	someone regarded as eccentric or crazy and standing out from a group
1553	laugher	66	ordinary	noun.person	4	a person who is laughing or who laughs easily
1554	leader	48	common	noun.person	4	a person who rules or guides or inspires others
1555	learner	52	common	noun.person	4	someone (especially a child) who learns (as from a teacher) or takes up knowledge or beliefs
1556	left-hander	66	ordinary	noun.person	4	a person who uses the left hand with greater skill than the right
1557	liberal	55	common	noun.person	4	a person who favors a political philosophy of progress and reform and the protection of civil liberties
1558	lightning rod	71	technical	noun.person	4	someone who is a frequent target of negative reactions and serves to distract attention from another
1559	linguist	63	ordinary	noun.person	4	a person who speaks more than one language
1560	literate	59	common	noun.person	4	a person who can read and write
1561	liver	71	technical	noun.person	4	a person who has a special life style
1562	longer	64	ordinary	noun.person	4	a person with a strong desire for something
1563	loose cannon	74	obscure	noun.person	4	a person who is expected to perform a particular task but who is out of control and dangerous
1564	loved one	74	obscure	noun.person	4	a person who you love, usually a member of your family
1565	lover	55	common	noun.person	4	a person who loves someone or is loved by someone
1566	mailer	67	specific	noun.person	4	a person who mails something
1567	malcontent	66	ordinary	noun.person	4	a person who is discontented or disgusted
1568	man of action	73	obscure	noun.person	4	someone inclined to act first and think later
1569	manipulator	68	specific	noun.person	4	a person who handles things manually
1570	married	71	technical	noun.person	4	a person who is married
1571	masturbator	64	ordinary	noun.person	4	a person who practices masturbation
1572	measurer	69	specific	noun.person	4	a person who makes measurements
1573	mentee	68	specific	noun.person	4	one who is being mentored
1574	mestizo	71	technical	noun.person	4	a person of mixed racial ancestry (especially mixed European and Native American ancestry)
1575	middlebrow	71	technical	noun.person	4	someone who is neither a highbrow nor a lowbrow
1576	militarist	65	ordinary	noun.person	4	a person who advocates war or warlike policies
1577	miracle worker	70	technical	noun.person	4	a person who claims or is alleged to perform miracles
1578	misfit	66	ordinary	noun.person	4	someone unable to adapt to their circumstances
1579	misogamist	71	technical	noun.person	4	a person who hates marriage
1580	modern	69	specific	noun.person	4	a contemporary person
1581	money handler	60	common	noun.person	4	a person who receives or invests or pays out money
1582	monolingual	71	technical	noun.person	4	a person who knows only one language
1583	mother hen	71	technical	noun.person	4	a person who cares for the needs of others (especially in an overprotective or interfering way)
1584	mutilator	64	ordinary	noun.person	4	a person who mutilates or destroys or disfigures or cripples
1585	namer	71	technical	noun.person	4	a person who gives a name or names
1586	national	56	common	noun.person	4	a person who owes allegiance to that nation
1587	native	42	common	noun.person	4	an indigenous person who was born in a particular place
1588	neglecter	71	technical	noun.person	4	a person who is neglectful and gives little attention or respect to people or responsibilities
1589	neutral	67	specific	noun.person	4	one who does not side with any party in a war or dispute
1590	nondescript	71	technical	noun.person	4	a person who is not easily classified and not very interesting
1591	nonmember	71	technical	noun.person	4	a person who is not a member
1592	nonparticipant	71	technical	noun.person	4	a person who does not participate
1593	nonpartisan	68	specific	noun.person	4	a person who is nonpartisan
1594	nonperson	68	specific	noun.person	4	a person regarded as nonexistent and having no rights; a person whose existence is systematically ignored (especially for ideological or political reasons)
1595	nonreligious person	64	ordinary	noun.person	4	a person who does not manifest devotion to a deity
1596	nonresident	71	technical	noun.person	4	someone who does not live in a particular place
1597	nonsmoker	69	specific	noun.person	4	a person who does not smoke tobacco
1598	nonworker	59	common	noun.person	4	a person who does nothing
1599	nude	64	ordinary	noun.person	4	a naked person
1600	nurser	71	technical	noun.person	4	a person who treats something carefully
1601	occultist	62	ordinary	noun.person	4	a believer in occultism; someone versed in the occult arts
1602	optimist	69	specific	noun.person	4	a person disposed to take a favorable view of things
1603	ostrich	69	specific	noun.person	4	a person who refuses to face reality or recognize the truth (a reference to the popular notion that the ostrich hides from danger by burying its head in the sand)
1604	ouster	64	ordinary	noun.person	4	a person who ousts or supplants someone else
1605	outcaste	71	technical	noun.person	4	a person belonging to no caste
1606	outdoorsperson	67	specific	noun.person	4	a person who spends time outdoors (e.g., hunting or fishing)
1607	owner	54	common	noun.person	4	a person who owns something
1608	pacifist	62	ordinary	noun.person	4	someone opposed to violence as a means of settling disputes
1609	pamperer	61	ordinary	noun.person	4	someone who pampers or spoils by excessive indulgence
1610	pardoner	62	ordinary	noun.person	4	a person who pardons or forgives or excuses a fault or offense
1611	partner	67	specific	noun.person	4	a person who is a member of a partnership
1612	party	60	common	noun.person	4	a person involved in legal proceedings
1613	passer	68	specific	noun.person	4	a person who passes as a member of a different ethnic or racial group
1614	patrician	69	specific	noun.person	4	a person of refined upbringing and manners
1615	paypig	71	technical	noun.person	4	A sexually submissive male
1616	peer	42	common	noun.person	4	a person who is of equal standing with another in a group
1617	perceiver	49	common	noun.person	4	a person who becomes aware (of things or events) through the senses
1618	percher	71	technical	noun.person	4	a person situated on a perch
1619	perspirer	68	specific	noun.person	4	a person who perspires
1620	philosopher	71	technical	noun.person	4	a wise person who is calm and rational; someone who lives a life of reason with equanimity
1621	picker	59	common	noun.person	4	a person who chooses or selects out
1622	pisser	63	ordinary	noun.person	4	a person who urinates
1623	planner	54	common	noun.person	4	a person who makes plans
1624	player	71	technical	noun.person	4	a person who pursues a number of different social and sexual partners simultaneously
1625	pledgee	69	specific	noun.person	4	someone to whom a pledge is made or someone with whom something is deposited as a pledge
1626	pledger	71	technical	noun.person	4	someone who makes or gives a pledge
1627	posturer	71	technical	noun.person	4	someone who behaves in a manner calculated to impress or mislead others
1628	powderer	71	technical	noun.person	4	someone who applies or scatters powder
1629	powerhouse	54	common	noun.person	4	a highly energetic and indefatigable person
1630	precursor	62	ordinary	noun.person	4	a person who goes before or announces the coming of another
1631	prepper	71	technical	noun.person	4	someone who prepares for a disaster
1632	preserver	53	common	noun.person	4	someone who keeps safe from harm or danger
1633	primitive	53	common	noun.person	4	a person who belongs to an early stage of civilization
1634	professional	45	common	noun.person	4	a person engaged in one of the learned professions
1635	public relations person	74	obscure	noun.person	4	a person employed to establish and promote a favorable relationship with the public
1636	pursuer	71	technical	noun.person	4	a person who pursues some plan or goal
1637	pussycat	69	specific	noun.person	4	a person who is regarded as easygoing and agreeable
1638	quitter	66	ordinary	noun.person	4	a person who gives up too easily
1639	rare bird	70	technical	noun.person	4	a rare or unique person
1640	realist	67	specific	noun.person	4	a person who accepts the world as it literally is and deals with it accordingly
1641	rectifier	71	technical	noun.person	4	a person who corrects or sets right
1642	registrant	71	technical	noun.person	4	a person who is formally entered (along with others) in a register (and who obtains certain rights thereby)
1643	reliever	62	ordinary	noun.person	4	a person who reduces the intensity (e.g., of fears) and calms and pacifies
1644	religious person	56	common	noun.person	4	a person who manifests devotion to a deity
1645	repeater	66	ordinary	noun.person	4	a person who repeats
1646	rescuer	59	common	noun.person	4	someone who saves something from danger or violence
1647	rester	64	ordinary	noun.person	4	a person who rests
1648	restrainer	62	ordinary	noun.person	4	a person who directs and restrains
1649	revenant	69	specific	noun.person	4	a person who returns after a lengthy absence
1650	rich person	58	common	noun.person	4	a person who possesses great material wealth
1651	riser	65	ordinary	noun.person	4	a person who rises (especially from bed)
1652	romper	69	specific	noun.person	4	a person who romps or frolics
1653	ruler	52	common	noun.person	4	a person who rules or commands
1654	rusher	71	technical	noun.person	4	a person who rushes; someone in a hurry; someone who acts precipitously
1655	scientist	55	common	noun.person	4	a person with advanced knowledge of one or more sciences
1656	scratcher	69	specific	noun.person	4	a person who scratches to relieve an itch
1657	second-rater	70	technical	noun.person	4	a person of second-rate ability or value
1658	seeder	64	ordinary	noun.person	4	a person who seeds clouds
1659	seeker	56	common	noun.person	4	someone making a search or inquiry
1660	segregate	71	technical	noun.person	4	someone who is or has been segregated
1661	sensualist	62	ordinary	noun.person	4	a person who enjoys sensuality
1662	sentimentalist	68	specific	noun.person	4	someone who indulges in excessive sentimentality
1663	sex object	74	obscure	noun.person	4	any person regarded simply as an object of sexual gratification
1664	sex symbol	74	obscure	noun.person	4	a person (especially a celebrity) who is well-known for their sexual attractiveness
1665	shaker	65	ordinary	noun.person	4	a person who wields power and influence
1666	showperson	67	specific	noun.person	4	a person skilled at making effective presentations
1667	signer	61	ordinary	noun.person	4	someone who signs and is bound by a document
1668	skidder	58	common	noun.person	4	a person who slips or slides because of loss of traction
1669	slave	59	common	noun.person	4	a person who is owned by someone
1670	sleepyhead	71	technical	noun.person	4	a sleepy person
1671	sloucher	71	technical	noun.person	4	a person who slouches; someone with a drooping carriage
1672	smasher	67	specific	noun.person	4	a person who smashes something
1673	smiler	65	ordinary	noun.person	4	a person who smiles
1674	sneezer	71	technical	noun.person	4	a person who sneezes
1675	sniffer	71	technical	noun.person	4	a person who sniffs
1676	sniffler	68	specific	noun.person	4	a person who breathes audibly through a congested nose
1677	snuffer	69	specific	noun.person	4	a person who snuffs out candles
1678	snuffler	71	technical	noun.person	4	a person who breathes noisily (as through a nose blocked by mucus)
1679	sobersides	71	technical	noun.person	4	a serious and sedate individual
1680	socializer	68	specific	noun.person	4	a person who takes part in social activities
1681	sophisticate	61	ordinary	noun.person	4	a worldly-wise person
1682	sounding board	71	technical	noun.person	4	a person whose reactions to something serve as an indication of its acceptability
1683	sphinx	69	specific	noun.person	4	an inscrutable person who keeps their thoughts and intentions secret
1684	spitter	65	ordinary	noun.person	4	a person who spits (ejects saliva or phlegm from the mouth)
1685	sprawler	71	technical	noun.person	4	a person who sprawls
1686	spurner	71	technical	noun.person	4	a person who rejects (someone or something) with contempt
1687	stay-at-home	73	obscure	noun.person	4	a person who seldom goes anywhere; one not given to wandering or travel
1688	stifler	68	specific	noun.person	4	a person who stifles or smothers or suppresses
1689	stoic	68	specific	noun.person	4	someone who is seemingly indifferent to emotions
1690	stooper	71	technical	noun.person	4	a person who carries himself or herself with the head and shoulders habitually bent forward
1691	stranger	71	technical	noun.person	4	an individual that one is not acquainted with
1692	struggler	71	technical	noun.person	4	a person who struggles with difficulties or with great effort
1693	supernumerary	69	specific	noun.person	4	a person serving no apparent function
1694	surrenderer	68	specific	noun.person	4	a person who yields or surrenders
1695	survivalist	71	technical	noun.person	4	someone who tries to insure their personal survival or the survival of their group or nation
1696	survivor	69	specific	noun.person	4	one who outlives another
1697	suspect	64	ordinary	noun.person	4	someone who is under suspicion
1698	tagger	69	specific	noun.person	4	someone who appends or joins one thing to another
1699	tapper	67	specific	noun.person	4	a person who strikes a surface lightly and usually repeatedly
1700	tempter	71	technical	noun.person	4	a person who tempts others
1701	termer	71	technical	noun.person	4	a person who serves a specified term
1702	terror	61	ordinary	noun.person	4	a person who inspires fear or dread
1703	testator	64	ordinary	noun.person	4	a person who makes a will
1704	third-rater	74	obscure	noun.person	4	one who is third-rate or distinctly inferior
1705	thrower	60	common	noun.person	4	someone who projects something (especially by a rapid motion of the arm)
1706	tiger	69	specific	noun.person	4	a fierce or audacious person
1707	totemist	70	technical	noun.person	4	a person who belongs to a clan or tribe having a totem
1708	toucher	71	technical	noun.person	4	a person who causes or allows a part of the body to come in contact with someone or something
1709	transfer	63	ordinary	noun.person	4	someone who transfers or is transferred from one position to another
1710	traveler	50	common	noun.person	4	a person who changes location
1711	trier	64	ordinary	noun.person	4	one who tries
1712	tsundere	69	specific	noun.person	4	a person who is initially cold and even hostile towards another person before gradually showing a warmer side over time.
1713	turner	70	technical	noun.person	4	one of two persons who swing ropes for jumpers to skip over in the game of jump rope
1714	tyrant	71	technical	noun.person	4	any person who exercises power in a cruel way
1715	ugly duckling	74	obscure	noun.person	4	an ugly or unpromising child who grows into a beautiful or worthy person
1716	undoer	59	common	noun.person	4	a person who unfastens or unwraps or opens
1717	unfortunate	51	common	noun.person	4	a person who suffers misfortune
1718	unskilled person	62	ordinary	noun.person	4	a person who lacks technical training
1719	unwelcome person	53	common	noun.person	4	a person who for some reason is not wanted or welcome
1720	user	52	common	noun.person	4	a person who makes use of a thing; someone who uses or employs something
1721	vanisher	71	technical	noun.person	4	a person who disappears
1722	victim	60	common	noun.person	4	a person who is tricked or swindled
1723	visionary	64	ordinary	noun.person	4	a person given to fanciful speculations and enthusiasms with little regard for what is actually possible
1724	waiter	68	specific	noun.person	4	a person who waits or awaits
1725	waker	71	technical	noun.person	4	a person who awakes
1726	walk-in	69	specific	noun.person	4	person who walks in without having an appointment
1727	wanter	68	specific	noun.person	4	a person who wants or needs something
1728	ward	66	ordinary	noun.person	4	a person who is under the protection or in the custody of another
1729	warrior	64	ordinary	noun.person	4	someone engaged in or experienced in warfare
1730	watcher	71	technical	noun.person	4	a person who keeps a devotional vigil by a sick bed or by a dead body
1731	weasel	69	specific	noun.person	4	a person who is regarded as treacherous or sneaky
1732	wiggler	60	common	noun.person	4	one who can't stay still (especially a child)
1733	winker	69	specific	noun.person	4	a person who winks
1734	withholder	69	specific	noun.person	4	a person who refrains from granting
1735	witness	66	ordinary	noun.person	4	(law) a person who testifies under oath in a court of law
1736	worker	42	common	noun.person	4	a person who works at a specific occupation
1737	worldling	69	specific	noun.person	4	a person absorbed by the concerns and interests and pleasures of the present world
1738	yawner	71	technical	noun.person	4	a person who yawns
1739	biological agent	70	technical	noun.object	4	any bacterium or virus or toxin that could be used in biological warfare
1740	eliminator	69	specific	noun.object	4	an agent that eliminates something
1741	impairer	71	technical	noun.object	4	an agent that impairs
1742	infectious agent	55	common	noun.object	4	an agent capable of producing infection
1743	lethal agent	74	obscure	noun.object	4	an agent capable of causing death
1744	motor	71	technical	noun.object	4	a nonspecific agent that imparts motion
1745	mutagen	71	technical	noun.object	4	any agent (physical or environmental) that can induce a genetic mutation or can increase the rate of mutation
1746	quickener	64	ordinary	noun.object	4	an agent that gives or restores life or vigor
1747	relaxer	71	technical	noun.object	4	any agent that produces relaxation
1748	repressor	68	specific	noun.object	4	an agent that represses
1749	retardant	64	ordinary	noun.object	4	any agent that retards or delays or hinders
1750	satisfier	71	technical	noun.object	4	any agent capable of producing satisfaction
1751	shortener	71	technical	noun.object	4	any agent that shortens
1752	stressor	71	technical	noun.object	4	any agent that causes stress to an organism
1753	teratogen	69	specific	noun.object	4	any agent that interferes with normal embryonic development: alcohol or thalidomide or X-rays or rubella are examples
1754	vasoconstrictor	54	common	noun.artifact	4	any agent that causes a narrowing of an opening of a blood vessel: cold or stress or nicotine or epinephrine or norepinephrine or angiotensin or vasopressin or certain drugs; maintains or increases blood pressure
1755	vector	60	common	noun.object	4	any agent (person or animal or microorganism) that carries and transmits a disease
1756	weakener	71	technical	noun.object	4	that which weakens or causes a loss of strength
1757	antacid	49	common	noun.substance	4	an agent that counteracts or neutralizes acidity (especially in the stomach)
1758	antiflatulent	71	technical	noun.artifact	4	any agent that reduces intestinal gas
1759	antifungal	49	common	noun.artifact	4	any agent that destroys or prevents the growth of fungi
1760	bacteriostat	71	technical	noun.substance	4	a chemical or biological material that inhibits bacterial growth
1761	bleaching agent	54	common	noun.substance	4	an agent that makes things white or colorless
1762	chemical agent	63	ordinary	noun.substance	4	an agent that produces chemical reactions
1763	chemoattractant	71	technical	noun.substance	4	a substance inducing positive chemotaxis in motile cells.
1764	coagulant	68	specific	noun.substance	4	an agent that produces coagulation
1765	coolant	71	technical	noun.substance	4	a fluid agent (gas or liquid) that produces cooling; especially one used to cool a system by transferring heat away from one part to another
1766	dilutant	64	ordinary	noun.substance	4	a diluting agent
1767	disinfectant	56	common	noun.artifact	4	an agent (as heat or radiation or a chemical) that destroys microorganisms that might carry disease
1768	drug	45	common	noun.artifact	4	a substance that is used as a medicine or narcotic
1769	emmenagogue	71	technical	noun.substance	4	any agent that promotes menstrual discharge
1770	galactagogue	71	technical	noun.substance	4	agent that induces milk secretion
1771	hardener	71	technical	noun.substance	4	one that hardens, especially a substance added to varnish or paint to give it a harder surface or finish.
1772	hypnagogue	66	ordinary	noun.substance	4	an agent that induces drowsiness or sleep
1773	hypoglycemic agent	65	ordinary	noun.substance	4	any of various agents that decrease the level of glucose in the blood and are used in the treatment of diabetes mellitus
1774	inducer	69	specific	noun.substance	4	an agent capable of activating specific genes
1775	lactifuge	71	technical	noun.substance	4	any agent that reduces milk secretion (as given to a woman who is not breast feeding)
1776	lactogen	69	specific	noun.substance	4	any agent that enhances milk production
1777	mitogen	71	technical	noun.substance	4	an agent that triggers mitosis
1778	nerve gas	62	ordinary	noun.substance	4	a toxic gas that is inhaled or absorbed through the skin and has harmful effects on the nervous and respiratory system
1779	precipitant	69	specific	noun.substance	4	an agent that causes a precipitate to form
1780	solvating agent	74	obscure	noun.substance	4	an agent that converts something into a solvate
1781	vermicide	71	technical	noun.artifact	4	an agent that kills worms (especially those in the intestines)
1782	viricide	68	specific	noun.substance	4	an agent (physical or chemical) that inactivates or destroys viruses
1783	hazard	47	common	noun.state	4	a source of danger; a possibility of incurring loss or misfortune
1784	menace	63	ordinary	noun.state	4	something that is a source of danger
1785	powder keg	71	technical	noun.state	4	a potentially explosive state
1786	company operator	74	obscure	noun.person	4	an operator who works for a company
1787	driver	56	common	noun.person	4	the operator of a motor vehicle
1788	elevator operator	70	technical	noun.person	4	an operator of an elevator
1789	hoister	71	technical	noun.person	4	an operator of a hoist
1790	jockey	71	technical	noun.person	4	an operator of some vehicle or machine or apparatus
1791	motorman	71	technical	noun.person	4	the operator of streetcar
1792	radio operator	71	technical	noun.person	4	someone who operates a radio transmitter
1793	switchman	71	technical	noun.person	4	a man who operates railroad switches
1794	telegrapher	64	ordinary	noun.person	4	someone who transmits messages by telegraph
1795	telephone operator	67	specific	noun.person	4	someone who helps callers get the person they are calling
1796	aerobe	71	technical	noun.animal	4	an organism (especially a bacterium) that requires air or free oxygen for life
1797	amphidiploid	70	technical	noun.animal	4	(genetics) an organism or cell having a diploid set of chromosomes from each parent
1798	anaerobe	69	specific	noun.animal	4	an organism (especially a bacterium) that does not require air or free oxygen to live
1799	animal	28	common	noun.Tops	4	a living organism characterized by voluntary movement
1800	animalcule	68	specific	noun.animal	4	microscopic organism such as an amoeba or paramecium
1801	atavist	68	specific	noun.person	4	an organism that has the characteristics of a more primitive type of that organism
1802	benthos	64	ordinary	noun.Tops	4	organisms (plants and animals) that live at or near the bottom of a sea, lake, river or stream
1803	carrier	72	technical	noun.animal	4	(genetics) an organism that possesses a recessive gene whose effect is masked by a dominant allele; the associated trait is not apparent but can be passed on to offspring
1804	clone	66	ordinary	noun.group	4	a group of genetically identical cells or organisms derived from a single cell or individual by some kind of asexual reproduction
1805	commensal	71	technical	noun.animal	4	either of two different animal or plant species living in close association but not interdependent
1806	conspecific	71	technical	noun.animal	4	an organism belonging to the same species as another organism
1807	creature	66	ordinary	noun.person	4	a living being
1808	denizen	71	technical	noun.animal	4	a plant or animal naturalized in a region
1809	diploid	70	technical	noun.animal	4	(genetics) an organism or cell having the normal amount of DNA per cell; i.e., two sets of chromosomes or twice the haploid number
1810	dwarf	71	technical	noun.Tops	4	a plant or animal that is atypically small
1811	endemic	71	technical	noun.plant	4	a plant or animal that is native to a certain limited area
1812	epilith	71	technical	noun.plant	4	A plant, fungus, or other organism that grows upon rock.
1813	eukaryote	68	specific	noun.animal	4	an organism with cells characteristic of all life forms except primitive microorganisms such as bacteria; i.e. an organism with ‘good’ or membrane-bound nuclei in its cells
1814	fungus	49	common	noun.plant	4	an organism of the kingdom Fungi lacking chlorophyll and feeding on organic matter; ranging from unicellular or multicellular organisms to spore-bearing syncytia
1815	haploid	70	technical	noun.animal	4	(genetics) an organism or cell having only one complete set of chromosomes
1816	heteroploid	70	technical	noun.animal	4	(genetics) an organism or cell having a chromosome number that is not an even multiple of the haploid chromosome number for that species
1817	heterotroph	71	technical	noun.Tops	4	an organism that depends on complex organic substances for nutrition
1818	hybrid	58	common	noun.animal	4	(genetics) an organism that is the offspring of genetically dissimilar parents or stock; especially offspring produced by breeding plants or animals of different varieties or breeds or species
1819	individual	68	specific	noun.person	4	a single organism
1820	katharobe	71	technical	noun.plant	4	an organism that lives in an oxygenated medium lacking organic matter
1821	mascot	71	technical	noun.person	4	a character, animal or object that is adopted by a team or group as a symbolic figure
1822	microorganism	45	common	noun.animal	4	any organism of microscopic size
1823	mutant	55	common	noun.person	4	(biology) an organism that has characteristics resulting from chromosomal alteration
1824	myrmecophile	71	technical	noun.animal	4	an organism such as an insect that habitually shares the nest of a species of ant
1825	nekton	70	technical	noun.animal	4	the aggregate of actively swimming animals in a body of water ranging from microscopic organisms to whales
1826	nonvascular organism	66	ordinary	noun.plant	4	organisms without vascular tissue: e.g. algae, lichens, fungi, mosses
1827	parasite	57	common	noun.animal	4	an animal or plant that lives in or on a host (another animal or plant); it obtains nourishment from the host without benefiting or killing the host
1828	parent	71	technical	noun.Tops	4	an organism (plant or animal) from which younger ones are obtained
1829	person	25	common	noun.Tops	4	a human being; person, singular, assertive existential pronoun; pronoun, person, singular; quantifier: assertive existential
1830	plankton	65	ordinary	noun.animal	4	the aggregate of small plant and animal organisms that float or drift in great numbers in fresh or salt water
1831	plant	32	common	noun.Tops	4	(botany) a living organism lacking the power of locomotion
1832	polymorph	71	technical	noun.animal	4	an organism that can assume more than one adult form as in the castes of ants or termites
1833	polyploid	70	technical	noun.animal	4	(genetics) an organism or cell having more than twice the haploid number of chromosomes
1834	postdiluvian	71	technical	noun.person	4	anything living after Noah's flood
1835	prokaryote	68	specific	noun.animal	4	a unicellular organism having cells lacking membrane-bound nuclei; bacteria are the prime example but also included are blue-green algae and actinomycetes and mycoplasma
1836	recombinant	71	technical	noun.animal	4	a cell or organism in which genetic recombination has occurred
1837	relative	60	common	noun.animal	4	an animal or plant that bears a relationship to another (as related by common descent or by membership in the same genus)
1838	relict	69	specific	noun.plant	4	an organism or species surviving as a remnant of an otherwise extinct flora or fauna in an environment much changed from that in which it originated
1839	saprobe	71	technical	noun.plant	4	an organism that lives in and derives its nourishment from organic matter in stagnant or foul water
1840	saprophyte	68	specific	noun.plant	4	an organism that feeds on dead organic matter especially a fungus or bacterium
1841	sitter	65	ordinary	noun.person	4	an organism (person or animal) that sits
1842	stander	68	specific	noun.person	4	an organism (person or animal) that stands
1843	utterer	60	common	noun.person	4	an organism that can utter vocal sounds
1844	zooid	71	technical	noun.animal	4	one of the distinct individuals forming a colonial animal such as a bryozoan or hydrozoan
1845	Moloch	71	technical	noun.person	4	a tyrannical power to be propitiated by human subservience or sacrifice
1846	influence	73	obscure	noun.person	4	one having power to influence another
1847	juggernaut	68	specific	noun.person	4	a massive inexorable force that seems to crush everything in its way
1848	spirit	58	common	noun.person	4	the vital principle or animating force within living things
1849	ectoplasm	68	specific	noun.substance	4	(spiritualism) a substance supposed to emanate from the body of the medium during a trance
1850	gas	51	common	noun.substance	4	a fluid in the gaseous state having neither independent shape nor volume and being able to expand indefinitely
1851	liquid	59	common	noun.substance	4	fluid matter having no fixed shape but a fixed volume
1852	ash	63	ordinary	noun.substance	4	the residue that remains when something is burned
1853	brewer's grain	67	specific	noun.substance	4	the residue of malt and grain which remains in the mash-kettle after the mashing and lautering process.
1854	cottonseed cake	70	technical	noun.substance	4	the solid matter remaining after oil has been pressed from cottonseeds
1855	dottle	71	technical	noun.substance	4	the residue of partially burnt tobacco left caked in the bowl of a pipe after smoking
1856	greaves	68	specific	noun.substance	4	the residue that remains after animal fat has been rendered
1857	alluvial sediment	59	common	noun.object	4	clay or silt or gravel carried by rushing streams and deposited where the stream slows down
1858	dregs	64	ordinary	noun.object	4	sediment that has settled at the bottom of a liquid
1859	evaporite	70	technical	noun.substance	4	the sediment that is left after the evaporation of seawater
1860	lees	71	technical	noun.object	4	the sediment from fermentation of an alcoholic beverage
1861	salt lick	70	technical	noun.object	4	a salt deposit that animals regularly lick
1862	sapropel	71	technical	noun.substance	4	sludge (rich in organic matter) that accumulates at the bottom of lakes or oceans
1863	crystal	50	common	noun.substance	4	a solid formed by the solidification of a chemical and having a highly regular atomic structure
1864	dry ice	74	obscure	noun.substance	4	solidified carbon dioxide; dry ice sublimates at -78.5 C and is used mainly as a refrigerant
1865	glass	52	common	noun.substance	4	a brittle transparent solid with irregular atomic structure
1866	ion-exchange polymer	69	specific	noun.substance	4	An ion-exchange resin or ion-exchange polymer is an insoluble matrix (or support structure) normally in the form of small (0.5-1 mm diameter) beads, usually white or yellowish, fabricated from an organic polymer substrate.
1867	plastic	58	common	noun.substance	4	generic name for certain synthetic or semisynthetic materials that can be molded or extruded into objects or films or filaments or used for making e.g. coatings and adhesives
1868	powder	60	common	noun.substance	4	a solid substance in the form of tiny loose particles; a solid that has been pulverized
1869	precipitate	69	specific	noun.substance	4	a precipitated solid substance in suspension or after settling or filtering
1870	solid food	50	common	noun.food	4	any solid substance (as opposed to liquid) that is used as a source of nourishment
1871	vitrification	69	specific	noun.substance	4	a vitrified substance; the glassy result of being vitrified
1872	activator	55	common	noun.substance	4	(biology) any agency bringing about activation; a molecule that increases the activity of an enzyme or a protein that increases the production of a gene product in DNA transcription
1873	atom	57	common	noun.substance	4	(physics and chemistry) the smallest component of an element having the chemical properties of the element
1874	body substance	55	common	noun.body	4	the substance of the body
1875	chemical element	51	common	noun.substance	4	any of the more than 100 known substances (of which 92 occur naturally) that cannot be separated into simpler substances and that singly or in combination constitute all matter
1876	comedogenic substance	67	specific	noun.substance	4	A substance that tends to produce acne, such as by clogging pores on the skin.
1877	element	66	ordinary	noun.substance	4	one of four substances thought in ancient and medieval cosmology to constitute the physical universe
1878	essence	68	specific	noun.substance	4	any substance possessing to a high degree the predominant properties of a plant or drug or other natural product from which it is extracted
1879	lightener	71	technical	noun.substance	4	any type of lightening agent that can be used to brighten the appearance of hair, skin, wood and other surfaces.
1880	material	36	common	noun.substance	4	the tangible substance that goes into the makeup of a physical object
1881	mixture	46	common	noun.substance	4	(chemistry) a substance consisting of two or more substances mixed together (not in fixed proportions and not with chemical bonding)
1882	phlogiston	71	technical	noun.substance	4	a hypothetical substance once believed to be present in all combustible materials and to be released during burning
1883	protoplasm	59	common	noun.body	4	the substance of a living cell (including cytoplasm and nucleus)
1884	substrate	66	ordinary	noun.substance	4	the substance that is acted upon by an enzyme or ferment
1885	volatile	71	technical	noun.substance	4	a volatile substance; a substance that changes readily from solid or liquid to a vapor
1886	adulterant	68	specific	noun.substance	4	any substance that lessens the purity or effectiveness of a substance
1887	aerogel	71	technical	noun.substance	4	a synthetic porous ultralight material derived from a gel, in which the liquid component of the gel has been replaced with a gas
1888	allergen	69	specific	noun.substance	4	any substance that can cause an allergy
1889	antigen	60	common	noun.substance	4	any substance (as a toxin or enzyme) that stimulates an immune response in the body (especially the production of antibodies)
1890	assay	68	specific	noun.substance	4	a substance that is undergoing an analysis of its components
1891	carcinogen	71	technical	noun.substance	4	any substance that produces cancer
1892	chemical irritant	68	specific	noun.substance	4	a substance producing irritation
1893	denaturant	71	technical	noun.substance	4	any substance that serves as a denaturing agent
1894	digestive	71	technical	noun.substance	4	any substance that promotes digestion
1895	ferment	69	specific	noun.substance	4	a substance capable of bringing about fermentation
1896	fomentation	66	ordinary	noun.substance	4	a substance used as a warm moist medicinal compress or poultice
1897	food	39	common	noun.Tops	4	any substance that can be metabolized by an animal to give energy and build tissue
1898	fuel	58	common	noun.substance	4	a substance that can be consumed to produce energy
1899	humectant	69	specific	noun.substance	4	any substance that is added to another substance to keep it moist
1900	hydrocolloid	69	specific	noun.substance	4	a substance that forms a gel with water
1901	inhibitor	61	ordinary	noun.substance	4	a substance that retards or stops an activity
1902	inoculant	67	specific	noun.substance	4	a substance (a virus or toxin or immune serum) that is introduced into the body to produce or increase immunity to a particular disease
1903	jelly	67	specific	noun.substance	4	any substance having the consistency of jelly or gelatin
1904	leaven	58	common	noun.substance	4	a substance used to produce fermentation in dough or a liquid
1905	ligand	71	technical	noun.substance	4	a substance (an atom or molecule or radical or ion) that forms a complex around a central atom
1906	lubricant	57	common	noun.substance	4	a substance capable of reducing friction by making surfaces smooth or slippery
1907	lysin	69	specific	noun.substance	4	any substance (such as an antibody) or agent that can cause lysis
1908	metabolite	71	technical	noun.substance	4	any substance involved in metabolism (either as a product of metabolism or as necessary for metabolism)
1909	nutrient	62	ordinary	noun.Tops	4	any substance (such as a chemical element or inorganic compound) that can be taken in by a green plant and used in organic synthesis
1910	philosopher's stone	67	specific	noun.substance	4	hypothetical substance that the alchemists believed to be capable of changing base metals into gold
1911	poison	49	common	noun.substance	4	any substance that causes injury or illness or death of a living organism
1912	propellant	62	ordinary	noun.substance	4	any substance that propels
1913	pyrogen	67	specific	noun.substance	4	any substance that can cause a rise in body temperature
1914	refrigerant	66	ordinary	noun.substance	4	any substance used to provide cooling (as in a refrigerator)
1915	vehicle	70	technical	noun.substance	4	any substance that facilitates the use of a drug or pigment or other material that is mixed with it
1916	coal	61	ordinary	noun.substance	4	fossil fuel consisting of carbonized vegetable matter deposited in the Carboniferous period
1917	peat	71	technical	noun.substance	4	partially carbonized vegetable matter saturated with water; can be used as a fuel when dried
1918	amulet	65	ordinary	noun.artifact	4	a trinket or piece of jewelry usually hung about the neck and thought to be a magical protection against evil or disease
1919	juju	57	common	noun.artifact	4	a charm superstitiously believed to embody magical powers
1920	bric-a-brac	62	ordinary	noun.artifact	4	miscellaneous curios
1921	collectible	65	ordinary	noun.artifact	4	things considered to be worth collecting (not necessarily valuable or antique)
1922	collector's item	64	ordinary	noun.artifact	4	the outstanding item (the prize piece or main exhibit) in a collection
1923	scum	67	specific	noun.artifact	4	a film of impurities or vegetation that can form on the surface of a liquid
1924	slick	68	specific	noun.artifact	4	a film of oil or garbage floating on top of water
1925	soap film	74	obscure	noun.artifact	4	a film left on objects after they have been washed in soap
1926	iceberg	63	ordinary	noun.object	4	a large mass of ice floating at sea; usually broken off of a polar glacier
1927	aquifer	71	technical	noun.object	4	underground bed or layer yielding ground water for wells and springs etc
1928	beach	67	specific	noun.object	4	an area of sand sloping down to the water of a sea or lake
1929	cave	64	ordinary	noun.object	4	a geological formation consisting of an underground enclosure with access from the surface of the ground or from the sea
1930	cliff	60	common	noun.object	4	a steep high face of rock
1931	delta	67	specific	noun.object	4	a low triangular area of alluvial deposits where a river divides before entering a larger body of water
1932	diapir	70	technical	noun.object	4	a domed rock formation where a core of rock has moved upward and pierced through the more brittle overlying strata
1933	folium	71	technical	noun.object	4	a thin layer or stratum of (especially metamorphic) rock
1934	foreshore	70	technical	noun.object	4	the part of the seashore between the highwater mark and the low-water mark
1935	ice mass	66	ordinary	noun.object	4	a large mass of ice
1936	lakefront	71	technical	noun.object	4	land bordering a lake
1937	massif	70	technical	noun.object	4	a block of the earth's crust bounded by faults and shifted to form peaks of a mountain range
1938	monocline	71	technical	noun.object	4	a geological formation in which all strata are inclined in the same direction
1939	mouth	70	technical	noun.object	4	the point where a stream issues into a larger body of water
1940	natural depression	56	common	noun.object	4	a sunken or depressed geological formation
1941	natural elevation	56	common	noun.object	4	a raised or elevated geological formation
1942	oceanfront	71	technical	noun.object	4	land bordering an ocean
1943	range	51	common	noun.object	4	a series of hills or mountains
1944	ridge	63	ordinary	noun.object	4	a long narrow range of hills
1945	shore	59	common	noun.object	4	the land along the edge of a body of water
1946	slope	51	common	noun.object	4	an elevated geological formation
1947	spring	50	common	noun.object	4	a natural flow of ground water
1948	talus	65	ordinary	noun.object	4	a sloping mass of loose rocks at the base of a cliff
1949	volcanic crater	66	ordinary	noun.object	4	a bowl-shaped geological formation at the top of a volcano
1950	water table	67	specific	noun.object	4	underground surface below which the ground is wholly saturated with water
1951	ingrowth	71	technical	noun.object	4	something that grows inward
1952	drift ice	74	obscure	noun.object	4	masses of ice floating in the open sea
1953	icefall	70	technical	noun.object	4	a steep part of a glacier resembling a frozen waterfall
1954	neve	70	technical	noun.object	4	the upper part of a glacier (beyond the limit of perpetual snow) where the snow turns to ice
1955	pack ice	70	technical	noun.object	4	a large expanse of floating ice
1956	shelf ice	70	technical	noun.object	4	ice that is attached to land but projects out to sea
1957	love-token	74	obscure	noun.artifact	4	keepsake given as a token of love
1958	party favor	61	ordinary	noun.artifact	4	souvenir consisting of a small gift given to a guest at a party
1959	archipelago	70	technical	noun.object	4	a group of many islands in a large body of water
1960	beachfront	71	technical	noun.object	4	a strip of land running along a beach
1961	cape	63	ordinary	noun.object	4	a strip of land projecting into a body of water
1962	coastal plain	71	technical	noun.object	4	a plain adjacent to a coast
1963	floor	69	specific	noun.object	4	the ground on which people and animals move about
1964	foreland	71	technical	noun.object	4	land forming the forward margin of something
1965	forest	54	common	noun.object	4	land that is covered with trees and shrubs
1966	island	62	ordinary	noun.object	4	a land mass (smaller than a continent) that is surrounded by water
1967	isthmus	69	specific	noun.object	4	a relatively narrow strip of land (with water on both sides) connecting two larger land areas
1968	landmass	63	ordinary	noun.object	4	a large continuous extent of land
1969	mainland	71	technical	noun.object	4	the main land mass of a country or continent; as distinguished from an island or peninsula
1970	neck	67	specific	noun.object	4	a narrow elongated projecting strip of land
1971	oxbow	67	specific	noun.object	4	the land inside an oxbow bend in a river
1972	peninsula	71	technical	noun.object	4	a large mass of land projecting into a body of water
1973	plain	53	common	noun.object	4	extensive tract of level open land
1974	slash	68	specific	noun.object	4	an open tract of land in a forest that is strewn with debris from logging (or fire or wind)
1975	wonderland	69	specific	noun.object	4	a place or scene of great or strange beauty or wonder
1976	badlands	71	technical	noun.object	4	deeply eroded barren land
1977	bottomland	68	specific	noun.object	4	low-lying alluvial land near a river
1978	coastland	71	technical	noun.object	4	land in a coastal area
1979	cultivated land	57	common	noun.object	4	arable land that is worked by plowing and sowing and raising crops
1980	overburden	69	specific	noun.object	4	the surface soil that must be moved away to get at coal seams and mineral deposits
1981	permafrost	71	technical	noun.object	4	ground that is permanently frozen
1982	polder	71	technical	noun.object	4	low-lying land that has been reclaimed and is protected by dikes (especially in the Netherlands)
1983	rangeland	71	technical	noun.object	4	land suitable for grazing livestock
1984	scablands	70	technical	noun.object	4	(geology) flat elevated land with poor soil and little vegetation that is scarred by dry channels of glacial origin (especially in eastern Washington)
1985	turf	54	common	noun.object	4	surface layer of ground containing a mat of grass and grass roots
1986	wetland	64	ordinary	noun.object	4	a low area where the land is saturated with water
1987	base	70	technical	noun.location	4	the place where you are stationed and from which missions start and end
1988	bilocation	71	technical	noun.location	4	the ability (said of certain Roman Catholic saints) to exist simultaneously in two locations
1989	earth	65	ordinary	noun.location	4	the abode of mortals (as contrasted with Heaven or Hell)
1990	east	71	technical	noun.location	4	a location in the eastern part of a country, region, or city
1991	here	71	technical	noun.location	4	the present location; this place; location, proximal pronoun; demonstrative pronoun, location; quantifier: demonstrative determiner, singular, proximal
1992	home	67	specific	noun.location	4	the country or state or city where you live
1993	jungle	65	ordinary	noun.location	4	a location marked by an intense competition and struggle for survival
1994	north	68	specific	noun.location	4	a location in the northern part of a country, region, or city
1995	northeast	71	technical	noun.location	4	a location in the northeastern part of a country, region, or city
1996	northwest	71	technical	noun.location	4	a location in the northwestern part of a country, region, or city
1997	pass	55	common	noun.object	4	the location in a range of mountains of a geological formation that is lower than the surrounding peaks
1998	seat	73	obscure	noun.location	4	the location (metaphorically speaking) where something is based
1999	sodom	71	technical	noun.location	4	any location known for vice and corruption
2000	somewhere	71	technical	noun.location	4	an indefinite or unknown location
2001	south	69	specific	noun.location	4	a location in the southern part of a country, region, or city
2002	southeast	71	technical	noun.location	4	a location in the southeastern part of a country, region, or city
2003	southwest	71	technical	noun.location	4	a location in the southwestern part of a country, region, or city
2004	there	71	technical	noun.location	4	a location other than here; that place; location, medial pronoun; demonstrative pronoun, location; quantifier: demonstrative determiner, distal; demonstrative pronoun, location; quantifier: demonstrative determiner, singular, distal
2005	west	71	technical	noun.location	4	a location in the western part of a country, region, or city
2006	whereabouts	71	technical	noun.location	4	the general location where something is
2007	appendage	60	common	noun.artifact	4	a part that is joined to something larger
2008	bit	72	technical	noun.artifact	4	the part of a key that enters a lock and lifts the tumblers
2009	bottleneck	71	technical	noun.artifact	4	the narrow part of a bottle near the top
2010	bulb	67	specific	noun.artifact	4	a rounded part of a cylindrical instrument (usually at one end)
2011	component	50	common	noun.artifact	4	an artifact that is one of the individual parts of which a composite entity is made up; especially a part that can be separated from or attached to a system
2012	cutout	71	technical	noun.artifact	4	a part that is cut out or is intended to be cut out
2013	foible	68	specific	noun.artifact	4	the weaker part of a sword's blade from the forte to the tip
2014	fore edge	69	specific	noun.artifact	4	the part of a book that faces inward when the book is shelved; the part opposite the spine
2015	forte	70	technical	noun.artifact	4	the stronger part of a sword blade between the hilt and the foible
2016	fraction	69	specific	noun.artifact	4	a small part or item forming a piece of a whole
2017	heel	73	obscure	noun.artifact	4	(golf) the part of the clubhead where it joins the shaft
2018	hub	67	specific	noun.artifact	4	the central part of a car wheel (or fan or propeller etc.) through which the shaft or axle passes
2019	jetsam	69	specific	noun.artifact	4	the part of a ship's equipment or cargo that is thrown overboard to lighten the load in a storm
2020	limb	70	technical	noun.artifact	4	either of the two halves of a bow from handle to tip
2021	peen	70	technical	noun.artifact	4	the part of a hammerhead opposite the flat striking surface (may have various shapes)
2022	piece	47	common	noun.artifact	4	a separate part of a whole
2023	pressing	71	technical	noun.artifact	4	a metal or plastic part that is made by a mechanical press
2024	section	56	common	noun.artifact	4	one of several parts or pieces that fit with others to constitute a whole object
2025	shank	69	specific	noun.artifact	4	the narrow part of the shoe connecting the heel and the wide part of the sole
2026	spine	67	specific	noun.artifact	4	the part of a book's cover that encloses the inner side of the book's pages and that faces outward when the book is shelved
2027	toe	71	technical	noun.artifact	4	(golf) the part of a clubhead farthest from the shaft
2028	turnout	62	ordinary	noun.artifact	4	a part of a road that has been widened to allow cars to pass or park
2029	upstage	70	technical	noun.artifact	4	the rear part of the stage
2030	upstairs	70	technical	noun.artifact	4	the part of a building above the ground floor
2031	wreckage	67	specific	noun.artifact	4	the remaining parts of something that has been wrecked
2032	custard pie	74	obscure	noun.artifact	4	a prop consisting of an open pie filled with real or artificial custard; thrown in slapstick comedies
2033	archeological remains	70	technical	noun.object	4	a relic that has been excavated from the soil
2034	fossil	64	ordinary	noun.object	4	the remains (or an impression) of a plant or animal that existed in a past geological age and that has been excavated from the soil
2035	blade	67	specific	noun.object	4	something long and thin resembling a blade of grass
2036	twinkler	71	technical	noun.object	4	an object that emits or reflects light in an intermittent flickering manner
2037	closet auger	74	obscure	noun.artifact	4	a snake used to unblock toilets
2038	plumber's snake	64	ordinary	noun.artifact	4	a long flexible steel coil for dislodging stoppages in curved pipes
2039	doodad	57	common	noun.artifact	4	something unspecified whose name is either forgotten or not known
2040	etcetera	71	technical	noun.artifact	4	additional unspecified odds and ends; more of the same; entity, other pronoun; pronoun, entity; quantifier: other
2041	sundries	71	technical	noun.artifact	4	miscellaneous objects too numerous or too small to be specified
2042	bagatelle	59	common	noun.artifact	4	something of little value or significance
2043	footwall	70	technical	noun.object	4	the lower wall of an inclined fault
2044	hanging wall	73	obscure	noun.object	4	the upper wall of an inclined fault
2045	spider web	64	ordinary	noun.artifact	4	a web spun by spiders to trap insect prey
2046	tent	71	technical	noun.object	4	a web that resembles a tent or carpet
2047	webbing	67	specific	noun.object	4	something forming a web (as between the toes of birds)
2048	artifact	42	common	noun.Tops	4	a man-made object taken as a whole
2049	assembly	73	obscure	noun.artifact	4	a unit consisting of components that have been fitted together
2050	congener	71	technical	noun.Tops	4	a whole (a thing or person) of the same kind or category as another
2051	living thing	43	common	noun.Tops	4	a living (or once living) entity
2052	natural object	49	common	noun.Tops	4	an object occurring naturally; not made by man
2053	decay	60	common	noun.process	4	a gradual decrease; as of stored charge or current
2054	decline	54	common	noun.process	4	change toward something smaller or lower
2055	desensitization	68	specific	noun.process	4	the process of reducing sensitivity
2056	narrowing	69	specific	noun.process	4	a decrease in width
2057	slippage	67	specific	noun.process	4	a decrease of transmitted power in a mechanical system caused by slipping
2058	wastage	69	specific	noun.process	4	the process of wasting
2059	attack	73	obscure	noun.process	4	the onset of a corrosive or destructive process (as by a chemical agent)
2060	macular degeneration	71	technical	noun.state	4	eye disease caused by degeneration of the cells of the macula lutea and results in blurred vision; can cause blindness
2061	obsolescence	71	technical	noun.process	4	the process of becoming obsolete; falling into disuse or becoming out of date
2062	assibilation	69	specific	noun.process	4	the development of a consonant phoneme into a sibilant
2063	deepening	71	technical	noun.process	4	a process of becoming deeper and more profound
2064	unfolding	68	specific	noun.process	4	a developmental process
2065	anti-selection	70	technical	noun.process	4	A situation where sellers have information that buyers don't (or vice versa) about some aspect of product quality.
2066	cartelization	71	technical	noun.process	4	the process of cartelizing, usually occurring in oligopolistic industry.
2067	deflation	69	specific	noun.process	4	a contraction of economic activity resulting in a decline of prices
2068	demand	60	common	noun.process	4	the ability and desire to purchase goods and services
2069	disinflation	71	technical	noun.process	4	a reduction of prices intended to improve the balance of payments
2070	economic growth	74	obscure	noun.process	4	steady growth in the productive capacity of the economy (and so a growth of national income)
2071	globalization	68	specific	noun.process	4	growth to a global or worldwide scale
2072	inflation	57	common	noun.process	4	a general and progressive increase in prices
2073	market forces	74	obscure	noun.process	4	the interaction of supply and demand that shapes a market economy
2074	spiral	65	ordinary	noun.process	4	a continuously accelerating change in the economy
2075	batch processing	74	obscure	noun.process	4	the serial execution of computer programs
2076	multiprogramming	68	specific	noun.process	4	the execution of two or more computer programs by a single computer
2077	clericalization	71	technical	noun.process	4	The process of increasing the power or influence of a religious hierarchy.
2078	linguistic process	60	common	noun.process	4	a process involved in human language
2079	ossification	70	technical	noun.process	4	the process of becoming rigidly fixed in a conventional pattern of thought or behavior
2080	psychoanalytic process	63	ordinary	noun.process	4	a process that is assumed to occur in psychoanalytic theory
2081	social process	64	ordinary	noun.process	4	a process involved in the formation of groups of persons
2082	uptake	68	specific	noun.process	4	a process of taking up or using up or consuming
2083	accession	65	ordinary	noun.process	4	a process of increasing by addition (as to a collection or group)
2084	accretion	54	common	noun.process	4	an increase by natural growth or addition
2085	multiplication	64	ordinary	noun.process	4	a multiplicative increase
2086	population growth	71	technical	noun.process	4	increase in the number of people who inhabit a territory or state
2087	proliferation	71	technical	noun.process	4	a rapid increase in number (especially a rapid increase in the number of deadly weapons)
2088	pullulation	71	technical	noun.process	4	a rapid and abundant increase
2089	relaxation	63	ordinary	noun.process	4	(physiology) the gradual lengthening of inactive muscle or muscle fibers
2090	widening	64	ordinary	noun.process	4	an increase in width
2091	Acheson process	74	obscure	noun.process	4	an industrial process for making graphite by heating a mixture of coke and clay
2092	Bessemer process	74	obscure	noun.process	4	an industrial process for making steel using a Bessemer converter to blast air through molten iron and thus burning the excess carbon and impurities; the first successful method of making steel in quantity at low cost
2093	Haber process	70	technical	noun.process	4	an industrial process for producing ammonia from nitrogen and hydrogen by combining them under high pressure in the presence of an iron catalyst
2094	Solvay process	74	obscure	noun.process	4	an industrial process for producing sodium carbonate from sodium chloride and ammonia and carbon dioxide
2095	cyanide process	74	obscure	noun.process	4	an industrial process for extracting gold and silver by treating ore with a sodium cyanide solution
2096	electrostatic precipitation	74	obscure	noun.process	4	a process that removes suspended dust particles from a gas by applying a high voltage electrostatic charge to the particles and collecting them on charged plates
2097	fractionation	60	common	noun.process	4	a process that uses heat to separate a substance into its components
2098	absorption	65	ordinary	noun.process	4	(physics) the process in which incident radiated energy is retained without reflection or transmission on passing through a medium
2099	acidification	71	technical	noun.process	4	the process of becoming acid or being converted into an acid
2100	adiabatic process	73	obscure	noun.process	4	(thermodynamics) any process that occurs without gain or loss of heat
2101	aeration	69	specific	noun.process	4	the process of exposing to air (so as to purify)
2102	antiredeposition	71	technical	noun.process	4	the process of preventing redeposition
2103	capture	69	specific	noun.process	4	any process in which an atomic or nuclear system acquires an additional particle
2104	centrifugation	69	specific	noun.process	4	the process of separating substances of different densities by the use of a centrifuge
2105	chemical process	50	common	noun.process	4	(chemistry) any process determined by the atomic and molecular composition and structure of the substances involved
2106	chromatography	67	specific	noun.process	4	a process used for separating mixtures by virtue of differences in absorbency
2107	concretion	66	ordinary	noun.process	4	the formation of stonelike objects within a body organ (e.g., the kidneys)
2108	condensation	67	specific	noun.process	4	the process of changing from a gaseous to a liquid or solid state
2109	convection	70	technical	noun.process	4	(meteorology) the vertical movement of heat or other properties by massive motion within the atmosphere
2110	curdling	60	common	noun.process	4	the process of forming semisolid lumps in a liquid
2111	demagnetization	65	ordinary	noun.process	4	the process of removing magnetization
2112	desorption	71	technical	noun.process	4	changing from an adsorbed state on a surface to a gaseous or liquid state
2113	diffusion	57	common	noun.process	4	(physics) the process in which there is movement of a substance from an area of high concentration of that substance to an area of lower concentration
2114	dissolution	53	common	noun.process	4	separation into component parts
2115	distillation	65	ordinary	noun.process	4	the process of purifying a liquid by boiling it and condensing its vapors
2116	drift	62	ordinary	noun.process	4	the gradual departure from an intended course due to external influences (as a ship or plane)
2117	effervescence	69	specific	noun.process	4	the process of bubbling as gas escapes
2118	electrophoresis	57	common	noun.process	4	the motion of charged particles in a colloid under the influence of an electric field; particles with a positive charge go to the cathode and negative to the anode
2119	establishment	70	technical	noun.process	4	(ecology) the process by which a plant or animal becomes established in a new habitat
2120	extinction	67	specific	noun.process	4	the reduction of the intensity of radiation as a consequence of absorption and radiation
2121	extraction	60	common	noun.process	4	the process of obtaining something from a mixture or compound by chemical or physical or mechanical means
2122	feedback	64	ordinary	noun.process	4	the process in which part of the output of a system is returned to its input in order to regulate its further output
2123	filtration	66	ordinary	noun.process	4	the process whereby fluids pass through a filter or a filtering medium
2124	flocculation	71	technical	noun.process	4	the process of flocculating; forming woolly cloudlike aggregations
2125	flow	61	ordinary	noun.process	4	any uninterrupted stream or discharge
2126	fossilization	63	ordinary	noun.process	4	the process of fossilizing a plant or animal that existed in some earlier age; the process of being turned to stone
2127	geological process	58	common	noun.process	4	(geology) a natural process whereby geological features are modified
2128	hardening	52	common	noun.process	4	the process of becoming hard or solid by cooling or drying or crystallization
2129	inactivation	69	specific	noun.process	4	the process of rendering inactive
2130	ion exchange	74	obscure	noun.process	4	a process in which ions are exchanged between a solution and an insoluble (usually resinous) solid; widely used in industrial processing
2131	ionization	67	specific	noun.process	4	the process of ionizing; the formation of ions by separating atoms or molecules or radicals or by adding or subtracting electrons from atoms by strong electric fields in a gas
2132	leach	68	specific	noun.process	4	the process of leaching
2133	materialization	64	ordinary	noun.process	4	the process of coming into being; becoming reality
2134	nuclear reaction	64	ordinary	noun.process	4	(physics) a process that alters the energy or structure or composition of atomic nuclei
2135	opacification	71	technical	noun.process	4	the process of becoming cloudy or opaque
2136	oscillation	65	ordinary	noun.process	4	the process of oscillating between states
2137	oxygenation	71	technical	noun.process	4	the process of providing or combining or treating with oxygen
2138	pair production	67	specific	noun.process	4	the transformation of a gamma-ray photon into an electron and a positron when the photon passes close to an atomic nucleus
2139	phase change	55	common	noun.process	4	a change from one state (solid or liquid or gas) to another without a change in chemical composition
2140	precession of the equinoxes	76	obscure	noun.process	4	a slow westward shift of the equinoxes along the plane of the ecliptic caused by precession of the Earth's axis of rotation
2141	radiation	70	technical	noun.event	4	the spread of a group of organisms into new habitats
2142	release	59	common	noun.process	4	a process that liberates or discharges something
2143	saltation	64	ordinary	noun.process	4	(geology) the leaping movement of sand or soil particles as they are transported in a fluid medium over an uneven surface
2144	scattering	66	ordinary	noun.process	4	the physical process in which particles are deflected haphazardly as a result of collisions
2145	sericulture	69	specific	noun.process	4	raising silkworms in order to obtain raw silk
2146	sink	65	ordinary	noun.process	4	(technology) a process that acts to absorb or remove energy or a substance from a system
2147	soak	62	ordinary	noun.process	4	the process of becoming softened and saturated as a consequence of being immersed in water (or other liquid)
2148	softening	69	specific	noun.process	4	the process of becoming softer
2149	sorption	66	ordinary	noun.process	4	the process in which one substance takes up or holds another (by either absorption or adsorption)
2150	source	69	specific	noun.process	4	(technology) a process by which energy or a substance enters a system
2151	stiffening	61	ordinary	noun.process	4	the process of becoming stiff or rigid
2152	stimulation	64	ordinary	noun.process	4	(physiology) the effect of a stimulus (on nerves or organs etc.)
2153	succession	67	specific	noun.process	4	(ecology) the gradual and orderly process of change in an ecosystem brought about by the progressive replacement of one community by another until a stable climax is established
2154	survival	59	common	noun.process	4	a natural process resulting in the evolution of organisms best adapted to the environment
2155	synergy	65	ordinary	noun.process	4	the working together of two things (muscles or drugs for example) to produce an effect greater than the sum of their individual effects
2156	temperature change	64	ordinary	noun.process	4	a process whereby the degree of hotness of a body (or medium) changes
2157	transduction	68	specific	noun.process	4	the process whereby a transducer accepts energy in one form and gives back related energy in a different form
2158	transpiration	67	specific	noun.process	4	the passage of gases through fine tubes because of differences in pressure or temperature
2159	Krebs cycle	62	ordinary	noun.process	4	in all plants and animals: a series of enzymatic reactions in mitochondria involving oxidative metabolism of acetyl compounds to produce high-energy phosphate compounds that are the source of cellular energy
2160	adaptation	57	common	noun.process	4	the process of adapting to something (such as environmental conditions)
2161	agglutination	63	ordinary	noun.process	4	a clumping of bacteria or red cells when held together by antibodies (agglutinins)
2162	aging	61	ordinary	noun.process	4	the organic process of growing older and showing the effects of increasing age
2163	anovulation	71	technical	noun.process	4	the absence of ovulation due to immaturity or post-maturity or pregnancy or oral contraceptive pills or dysfunction of the ovary
2164	antisepsis	67	specific	noun.process	4	the process of inhibiting the growth and multiplication of microorganisms
2165	assimilation	61	ordinary	noun.process	4	the process of absorbing nutrients into the body after digestion
2166	autoregulation	70	technical	noun.process	4	(physiology) processes that maintain a generally constant physiological state in a cell or organism
2167	bacteriostasis	71	technical	noun.process	4	inhibition of the growth of bacteria
2168	blooming	68	specific	noun.process	4	the organic process of bearing flowers
2169	bodily process	44	common	noun.process	4	an organic process that takes place in the body
2170	carbon cycle	71	technical	noun.process	4	the organic circulation of carbon from the atmosphere into organisms and back again
2171	catabolism	60	common	noun.process	4	breakdown in living organisms of more complex substances into simpler ones together with release of energy
2172	cell division	64	ordinary	noun.process	4	the process in reproduction and growth by which a cell divides to form daughter cells
2173	crossing over	69	specific	noun.process	4	the interchange of sections between pairing homologous chromosomes during the prophase of meiosis
2174	cytokinesis	70	technical	noun.process	4	organic process consisting of the division of the cytoplasm of a cell following karyokinesis bringing about the separation into two daughter cells
2175	defoliation	69	specific	noun.process	4	the loss of foliage
2176	deossification	71	technical	noun.process	4	the loss of the mineral content of bone tissue
2177	digestion	67	specific	noun.process	4	the organic process by which food is converted into substances that can be absorbed into the body
2178	eburnation	71	technical	noun.process	4	a change that occurs in degenerative joint disease in which bone is converted into a dense smooth substance resembling ivory
2179	ecchymosis	71	technical	noun.process	4	the escape of blood from ruptured blood vessels into the surrounding tissue to form a purple or black-and-blue spot on the skin
2180	effacement	68	specific	noun.process	4	shortening of the uterine cervix and thinning of its walls as it is dilated during labor
2181	erythropoiesis	71	technical	noun.process	4	the process of producing red blood cells by the stem cells in the bone marrow
2182	eutrophication	71	technical	noun.process	4	excessive nutrients in a lake or other body of water, usually caused by runoff of nutrients (animal waste, fertilizers, sewage) from the land, which causes a dense growth of plant life; the decomposition of the plants depletes the supply of oxygen, leading to the death of animal life
2183	evolution	52	common	noun.process	4	(biology) the sequence of events involved in the evolutionary development of a species or taxonomic group of organisms
2184	expression	72	technical	noun.process	4	(genetics) the process of expressing a gene
2185	extravasation	67	specific	noun.process	4	the process of exuding or passing out of a vessel into surrounding tissues; said of blood or lymph or urine
2186	gastrulation	70	technical	noun.process	4	the process in which a gastrula develops from a blastula by the inward migration of cells
2187	glycogenesis	69	specific	noun.process	4	the formation in animals of glycogen from glucose
2188	hematopoiesis	57	common	noun.process	4	the formation of blood cells in the living body (especially in the bone marrow)
2189	humification	71	technical	noun.process	4	the process of the formation of humus from plant remains
2190	hypostasis	64	ordinary	noun.process	4	the suppression of a gene by the effect of an unrelated gene
2191	implantation	63	ordinary	noun.process	4	(embryology) the organic process whereby a fertilized egg becomes implanted in the lining of the uterus of placental mammals
2192	inhibition	69	specific	noun.process	4	(physiology) the process whereby nerves can retard or prevent the functioning of an organ or part
2193	invagination	60	common	noun.process	4	the folding in of an outer layer so as to form a pocket in the surface
2194	involution	65	ordinary	noun.process	4	reduction in size of an organ or part (as in the return of the uterus to normal size after childbirth)
2195	karyokinesis	70	technical	noun.process	4	organic process consisting of the division of the nucleus of a cell during mitosis or meiosis
2196	keratinization	68	specific	noun.process	4	organic process by which keratin is deposited in cells and the cells become horny (as in nails and hair)
2197	lymphopoiesis	71	technical	noun.process	4	the formation of lymphocytes in the bone marrow and lymph nodes and thymus and spleen
2198	lysogenization	68	specific	noun.process	4	the process by which a bacterium acquires a phage that becomes integrated into its genome
2199	maturation	60	common	noun.process	4	coming to full development; becoming mature
2200	metabolism	59	common	noun.process	4	the organic processes (in a cell or organism) that are necessary for life
2201	metamorphosis	59	common	noun.process	4	the marked and rapid transformation of a larva into an adult that occurs in some animals
2202	nitrogen cycle	74	obscure	noun.process	4	the circulation of nitrogen; nitrates from the soil are absorbed by plants which are eaten by animals that die and decay returning the nitrogen back to the soil
2203	nitrogen fixation	74	obscure	noun.process	4	the assimilation of atmospheric nitrogen by soil bacteria and its release for plant use on the death of the bacteria
2204	nondevelopment	69	specific	noun.process	4	failure of normal development to occur
2205	nutrition	63	ordinary	noun.process	4	(physiology) the organic process of nourishing or being nourished; the processes by which an organism assimilates food and uses it for growth and maintenance
2206	organification	71	technical	noun.process	4	the process of organ formation
2207	ovulation	71	technical	noun.process	4	the expulsion of an ovum from the ovary (usually midway in the menstrual cycle)
2208	oxidative phosphorylation	73	obscure	noun.process	4	an enzymatic process in cell metabolism that synthesizes ATP from ADP
2209	parturition	50	common	noun.process	4	the process of giving birth
2210	pathologic process	59	common	noun.process	4	an organic process occurring as a consequence of disease
2211	perennation	70	technical	noun.process	4	the process of living through a number of years (as a perennial plant)
2212	preservation	64	ordinary	noun.process	4	a process that saves organic substances from decay
2213	protein folding	70	technical	noun.process	4	the process whereby a protein molecule assumes its intricate three-dimensional shape
2214	quellung	68	specific	noun.process	4	the swelling of the capsule surrounding a microorganism after reaction with an antibody; the basis of certain tests for identifying microorganisms
2215	quickening	67	specific	noun.process	4	the process of showing signs of life
2216	regeneration	63	ordinary	noun.process	4	(biology) growth anew of lost tissue or destroyed parts or organs
2217	regulation	70	technical	noun.process	4	(embryology) the ability of an early embryo to continue normal development after its structure has been somehow damaged or altered
2218	replication	65	ordinary	noun.process	4	(genetics) the process whereby DNA makes a copy of itself before cell division
2219	reproduction	53	common	noun.process	4	the process of generating offspring
2220	resorption	68	specific	noun.process	4	the organic process in which the substance of some differentiated structure that has been produced by the body undergoes lysis and assimilation
2221	ripening	61	ordinary	noun.process	4	acquiring desirable qualities by being left undisturbed for some time
2222	secretion	60	common	noun.process	4	the organic process of synthesizing and releasing some substance
2223	segregation	66	ordinary	noun.process	4	(genetics) the separation of paired alleles during meiosis so that members of each pair of alleles appear in different gametes
2224	shedding	61	ordinary	noun.process	4	the process whereby something is shed
2225	summation	67	specific	noun.process	4	(physiology) the process whereby multiple stimuli can produce a response (in a muscle or nerve or other part) that one stimulus alone does not produce
2226	symphysis	71	technical	noun.process	4	a growing together of parts or structures
2227	synapsis	70	technical	noun.process	4	the side by side pairing of homologous maternal and paternal chromosomes at the start of meiosis
2228	synizesis	67	specific	noun.process	4	the contraction of chromatin towards one side of the nucleus during the prophase of meiosis
2229	translation	71	technical	noun.process	4	(genetics) the process whereby genetic information coded in messenger RNA directs the formation of a specific protein at a ribosome in the cytoplasm
2230	translocation	70	technical	noun.process	4	(genetics) an exchange of chromosome parts
2231	tumefaction	71	technical	noun.process	4	the process of tumefying; the organic process whereby tissue becomes swollen by the accumulation of fluid within it
2232	ulceration	71	technical	noun.process	4	the process of ulcer formation; the process of becoming ulcerated
2233	vascularization	68	specific	noun.process	4	the organic process whereby body tissue becomes vascular and develops capillaries
2234	vesiculation	64	ordinary	noun.process	4	the formation of vesicles in or beneath the skin
2235	consequence	41	common	noun.phenomenon	4	a phenomenon that follows and is caused by some previous phenomenon
2236	levitation	67	specific	noun.phenomenon	4	the phenomenon of a person or thing rising into the air by apparently supernatural means
2237	luck	55	common	noun.phenomenon	4	an unknown and unpredictable phenomenon that causes an event to result one way rather than another
2238	metempsychosis	68	specific	noun.phenomenon	4	after death the soul begins a new cycle of existence in another human body
2239	natural phenomenon	52	common	noun.phenomenon	4	all phenomena that are not artificial
2240	pulsation	69	specific	noun.phenomenon	4	a periodically recurring phenomenon that alternately increases and decreases some quantity
2241	anaglyphy	71	technical	noun.process	4	the process of producing pictures in contrasting colors that appear three-dimensional when superimposed and viewed through spectacles with one red and one green lens
2242	autotype	65	ordinary	noun.process	4	process for producing permanent prints in a carbon pigment
2243	bromoil process	74	obscure	noun.process	4	an early photographic process based on the oil print, whose origins date from the mid-nineteenth century.
2244	digital photography	74	obscure	noun.process	4	a photographic method that stores the image digitally for later reproduction
2245	dry plate	70	technical	noun.process	4	a former photographic method that used a glass plate coated with a light-sensitive gelatinous emulsion
2246	photomechanics	65	ordinary	noun.process	4	the process whereby printing surfaces (plates or cylinders) are produced by photographic methods
2247	powder photography	67	specific	noun.process	4	a process for identifying minerals or crystals; a small rod is coated with a powdered form of the substance and subjected to suitably modified X-rays; the pattern of diffracted rings is used for identification
2248	radiography	63	ordinary	noun.process	4	the process of making a radiograph; producing an image on a radiosensitive surface by radiation other than visible light
2249	scanning	69	specific	noun.process	4	the process of translating photographs into a digital form that can be recognized by a computer
2250	video digitizing	71	technical	noun.process	4	the process of capturing and converting and storing video images for use by a computer
2251	blowing	69	specific	noun.process	4	processing that involves blowing a gas
2252	data processing	59	common	noun.process	4	(computer science) a series of operations on data by a computer in order to retrieve or transform or classify information
2253	refining	62	ordinary	noun.process	4	the process of removing impurities (as from oil or metals or sugar etc.)
2254	vulcanization	68	specific	noun.process	4	process of treating rubber or rubberlike materials with sulphur at great heat to improve elasticity and strength or to harden them
2255	covariation	70	technical	noun.cognition	4	(statistics) correlated variation
2256	backwater	69	specific	noun.object	4	a body of water that was created by a flood or tide or by being held or forced back by a dam
2257	bay	56	common	noun.object	4	an indentation of a shoreline larger than a cove but smaller than a gulf
2258	channel	62	ordinary	noun.object	4	a deep and relatively narrow body of water (as in a river or a harbor or a strait linking two larger bodies) that allows the best passage for vessels
2259	drink	71	technical	noun.object	4	any large deep body of water
2260	estuary	68	specific	noun.object	4	the wide part of a river where it nears the sea; fresh and salt water mix
2261	flowage	69	specific	noun.object	4	a body of water that has been created by deliberately flooding an area
2262	ford	64	ordinary	noun.object	4	a shallow area in a stream that can be forded
2263	gulf	66	ordinary	noun.object	4	an arm of a sea or ocean partly enclosed by land; larger than a bay
2264	inlet	58	common	noun.object	4	an arm off of a larger body of water (often between rocky headlands)
2265	international waters	69	specific	noun.object	4	the open seas of the world outside the territorial waters of any nation
2266	lake	56	common	noun.object	4	a body of (usually fresh) water surrounded by land
2267	main	63	ordinary	noun.object	4	any very large body of (salt) water
2268	mid-water	74	obscure	noun.object	4	the water that is well below the surface but also well above the bottom
2269	ocean	64	ordinary	noun.object	4	a large body of water constituting a principal part of the hydrosphere
2270	offing	70	technical	noun.object	4	the part of the sea that can be seen from the shore and is beyond the anchoring area
2271	polynya	71	technical	noun.object	4	a stretch of open water surrounded by ice (especially in Arctic seas)
2272	pool	65	ordinary	noun.object	4	a small body of standing water (rainwater) or other liquid
2273	sea	63	ordinary	noun.object	4	a division of an ocean or a large body of salt water partially enclosed by land
2274	seven seas	74	obscure	noun.object	4	an informal expression for all of the oceans of the world
2275	shoal	66	ordinary	noun.object	4	a stretch of shallow water
2276	stream	52	common	noun.object	4	a natural body of running water flowing on or under the earth
2277	territorial waters	73	obscure	noun.object	4	the waters surrounding a nation and its territories over which that nation exercises sovereign jurisdiction
2278	waterfall	63	ordinary	noun.object	4	a steep descent of the water of a river
2279	waterway	63	ordinary	noun.object	4	a navigable body of water
2280	adjunct	65	ordinary	noun.object	4	something added to another thing but not an essential part of it
2281	desideratum	71	technical	noun.object	4	something desired as a necessity
2282	must	67	specific	noun.object	4	a necessary or essential thing
2283	need	65	ordinary	noun.object	4	anything that is necessary but lacking
2284	acicula	71	technical	noun.object	4	a needlelike part or structure of a plant or animal or crystal; as a spine or bristle or crystal
2285	body part	46	common	noun.body	4	any part of an organism such as an organ or extremity
2286	corner	73	obscure	noun.object	4	a projecting part where two sides or edges meet
2287	craton	70	technical	noun.object	4	the part of a continent that is stable and forms the central mass of the continent; typically Precambrian
2288	cutting	67	specific	noun.object	4	a piece cut off from the main part of something
2289	fragment	57	common	noun.object	4	a piece broken off or cut off of something else
2290	hunk	62	ordinary	noun.object	4	a large piece of something without definite shape
2291	nub	63	ordinary	noun.object	4	a small piece
2292	segment	65	ordinary	noun.object	4	one of the parts into which something naturally divides
2293	slice	70	technical	noun.object	4	a thin flat piece cut off of some object
2294	strip	62	ordinary	noun.object	4	a relatively long narrow piece of something
2295	chain	54	common	noun.object	4	(chemistry) a series of linked atoms (generally in an organic molecule)
2296	couple	67	specific	noun.object	4	(physics) something joined by two equal and opposite forces that act along parallel lines
2297	molecule	45	common	noun.substance	4	(physics and chemistry) the simplest structural unit of an element or compound
2298	unit cell	74	obscure	noun.object	4	the smallest group of atoms or molecules whose repetition at regular intervals in three dimensions produces the lattices of a crystal
2299	education	69	specific	noun.attribute	5	the result of good upbringing (especially knowledge of correct social behavior)
2300	raising	64	ordinary	noun.attribute	5	the properties acquired as a consequence of the way you were treated as a child
2301	gender identity	76	obscure	noun.attribute	5	your identity as it is experienced with regard to your individuality as male or female; awareness normally begin in infancy and is reinforced during adolescence
2302	identification	76	obscure	noun.attribute	5	the attribution to yourself (consciously or unconsciously) of the characteristics of another person (or group of persons)
2303	personhood	73	obscure	noun.attribute	5	being a person
2304	bone age	76	obscure	noun.attribute	5	a person's age measured by matching their bone development (as shown by X rays) with bone development of an average person of known chronological age
2305	chronological age	76	obscure	noun.attribute	5	age measured by the time (years and months) that something or someone has existed
2306	developmental age	76	obscure	noun.attribute	5	a measure of a child's development (in body size or motor skill or psychological function) expressed in terms of age norms
2307	fetal age	69	specific	noun.attribute	5	the age of an embryo counting from the time of fertilization
2308	mental age	76	obscure	noun.attribute	5	the level of intellectual development as measured by an intelligence test
2309	newness	67	specific	noun.attribute	5	the quality of being new; the opposite of oldness
2310	oldness	65	ordinary	noun.attribute	5	the quality of being old; the opposite of newness
2311	youngness	69	specific	noun.attribute	5	the opposite of oldness
2312	bipedalism	73	obscure	noun.attribute	5	the bodily attribute of being bipedal; having two feet
2313	carriage	56	common	noun.attribute	5	characteristic way of bearing one's body
2314	fatness	55	common	noun.attribute	5	excess bodily weight
2315	laterality	70	technical	noun.attribute	5	superior development of one side of the body
2316	leanness	60	common	noun.attribute	5	the property of having little body fat
2317	physiological property	67	specific	noun.attribute	5	a property having to do with the functioning of the body
2318	physiology	73	obscure	noun.attribute	5	processes and functions of an organism
2319	physique	54	common	noun.attribute	5	constitution of the human body
2320	stature	64	ordinary	noun.attribute	5	(of a standing person) the distance from head to foot
2321	assimilability	73	obscure	noun.attribute	5	Capability of being taken in and utilized as nourishment.
2322	nontoxicity	73	obscure	noun.attribute	5	The state or condition of not being toxic or poisonous.
2323	volatility	69	specific	noun.attribute	5	the property of changing readily from a solid or liquid to a vapor
2324	hydrogen ion concentration	72	technical	noun.attribute	5	the number of moles of hydrogen ions per cubic decimeter
2325	molality	70	technical	noun.attribute	5	concentration measured by the number of moles of solute per kilogram of solvent
2326	molarity	66	ordinary	noun.attribute	5	concentration measured by the number of moles of solute per liter of solution
2327	titer	70	technical	noun.attribute	5	the concentration of a solution as determined by titration
2328	breakableness	69	specific	noun.attribute	5	the consistency of something that breaks under pressure
2329	clayeyness	66	ordinary	noun.attribute	5	The quality of being composed of clay.
2330	doughiness	73	obscure	noun.attribute	5	The quality or state of having the characteristics of dough, especially in appearance or consistency.
2331	gaseousness	70	technical	noun.attribute	5	having the consistency of a gas
2332	lumpiness	73	obscure	noun.attribute	5	The property of being full of lumps, not being smooth.
2333	porosity	64	ordinary	noun.attribute	5	the property of being porous; being able to absorb fluids
2334	softness	59	common	noun.attribute	5	the property of giving little resistance to pressure and being easily cut or molded
2335	solidity	57	common	noun.attribute	5	the consistency of a solid
2336	thickness	71	technical	noun.attribute	5	resistance to flow
2337	thinness	71	technical	noun.attribute	5	a consistency of low viscosity
2338	unbreakableness	73	obscure	noun.attribute	5	a consistency of something that does not break under pressure
2339	viscosity	64	ordinary	noun.attribute	5	resistance of a liquid to shear forces (and hence to flow)
2340	karyotype	73	obscure	noun.body	5	the appearance of the chromosomal makeup of a somatic cell in an individual or species (including the number and arrangement and size and structure of the chromosomes)
2341	phenotype	73	obscure	noun.attribute	5	what an organism looks like as a consequence of the interaction of its genotype and the environment
2342	texture	70	technical	noun.attribute	5	the physical composition of something (especially with respect to the size and shape of the small constituents of a substance)
2343	amplitude level	76	obscure	noun.attribute	5	the level on a scale of amplitude
2344	extreme	71	technical	noun.attribute	5	the furthest or highest degree of something
2345	grind	70	technical	noun.attribute	5	the grade of particle fineness to which a substance is ground
2346	high	66	ordinary	noun.attribute	5	a lofty level or position or degree
2347	highness	73	obscure	noun.attribute	5	a high degree (of amount or force etc.)
2348	immoderation	63	ordinary	noun.attribute	5	the quality of being excessive and lacking in moderation
2349	intensity	57	common	noun.attribute	5	high level or degree; the property of being intense
2350	low	71	technical	noun.attribute	5	a low level or position or degree
2351	lowness	74	obscure	noun.attribute	5	a low or small degree of any quality (amount or force or temperature etc.)
2352	moderation	61	ordinary	noun.attribute	5	quality of being moderate and avoiding extremes
2353	sun protection factor	75	obscure	noun.attribute	5	the degree to which a sunscreen protects the skin from the direct rays of the sun
2354	aptness	67	specific	noun.attribute	5	a disposition to behave in a certain way
2355	mordacity	73	obscure	noun.attribute	5	a disposition to biting
2356	predisposition	73	obscure	noun.attribute	5	a disposition in advance to react in a particular way
2357	proneness	73	obscure	noun.attribute	5	being disposed to do something
2358	separatism	71	technical	noun.attribute	5	a disposition toward schism and secession from a larger group; the principles and practices of separatists
2359	tendency	60	common	noun.attribute	5	a characteristic likelihood of or natural disposition toward a certain condition or character or effect
2360	digestibility	70	technical	noun.attribute	5	the property of being easy to digest
2361	indigestibility	70	technical	noun.attribute	5	the property of being difficult to digest
2362	kosherness	73	obscure	noun.attribute	5	The property of being fit to eat under Jewish dietary laws.
2363	absolute magnitude	75	obscure	noun.attribute	5	(astronomy) the magnitude that a star would have if it were viewed from a distance of 10 parsecs (32.62 light years) from the earth
2364	amount	56	common	noun.attribute	5	the relative magnitude of something with reference to a criterion
2365	amplitude	70	technical	noun.attribute	5	greatness of magnitude
2366	bulk	62	ordinary	noun.attribute	5	the property of something that is great in magnitude
2367	dimension	56	common	noun.attribute	5	the magnitude of something in a particular direction (especially length or width or height)
2368	extent	60	common	noun.attribute	5	the distance or area or volume over which something extends
2369	muchness	73	obscure	noun.attribute	5	greatness of quantity or measure or extent
2370	multiplicity	71	technical	noun.attribute	5	the property of being multiple
2371	subdimension	73	obscure	noun.attribute	5	a partial dimension that constitutes the entire dimension of a given object.
2372	triplicity	73	obscure	noun.attribute	5	the property of being triple
2373	artistic style	61	ordinary	noun.attribute	5	the style of a particular artist or school or movement
2374	drape	71	technical	noun.attribute	5	the manner in which fabric hangs or falls
2375	fit	70	technical	noun.attribute	5	the manner in which something fits
2376	form	75	obscure	noun.attribute	5	a particular mode in which something is manifested
2377	life style	59	common	noun.attribute	5	a manner of living that reflects the person's values and attitudes
2378	response	76	obscure	noun.attribute	5	the manner in which an electrical or mechanical device responds to an input signal or a range of input signals
2379	setup	71	technical	noun.attribute	5	the way something is organized or arranged
2380	sportiness	73	obscure	noun.attribute	5	The characteristic appearance and behavior of people who partake in sports.
2381	wise	73	obscure	noun.attribute	5	a way of doing or being
2382	aromaticity	73	obscure	noun.attribute	5	The property of having an aroma.
2383	bouquet	59	common	noun.attribute	5	a pleasingly sweet olfactory property
2384	malodorousness	57	common	noun.attribute	5	the attribute of having a strong offensive smell
2385	mintiness	73	obscure	noun.attribute	5	The state or condition of having a flavour or essence of mint.
2386	muskiness	73	obscure	noun.attribute	5	having the olfactory properties of musk
2387	rancidness	73	obscure	noun.attribute	5	the property of being rancid
2388	apicalization	73	obscure	noun.attribute	5	(phonetics) An articulatory feature of phones, usually consonants, produced by obstructing the air passage with the tip of the tongue.
2389	fricativeness	73	obscure	noun.attribute	5	(phonetics) The quality of being produced by air flowing through a constriction in the oral cavity and typically producing a sibilant, hissing, or buzzing quality, as the English /f/ and /s/.
2390	absorptivity	69	specific	noun.attribute	5	(physics) the property of a body that determines the fraction of the incident radiation or sound flux absorbed or absorbable by the body
2391	acoustic absorption	76	obscure	noun.attribute	5	(acoustics) A material, structure or object absorbing sound energy when sound waves collide with it, as opposed to reflecting the energy.
2392	crystallinity	73	obscure	noun.attribute	5	(chemistry) The degree of structural order in a solid.
2393	deflection	63	ordinary	noun.attribute	5	the property of being bent or deflected
2394	dissolubility	70	technical	noun.attribute	5	the property of being dissoluble
2395	drippiness	71	technical	noun.attribute	5	the physical property of being soft and drippy
2396	elasticity	63	ordinary	noun.attribute	5	the tendency of a body to return to its original shape after it has been stretched or compressed
2397	expandability	73	obscure	noun.attribute	5	A physical property of gases, denoting that they expand to fill their containers.
2398	fugacity	71	technical	noun.attribute	5	the tendency of a gas to expand or escape
2399	heat content	65	ordinary	noun.attribute	5	(thermodynamics) a thermodynamic quantity equal to the internal energy of a system plus the product of its volume and pressure
2400	hydrostaticity	73	obscure	noun.attribute	5	The condition of relating to fluids, especially to the pressure that they exert or transmit.
2401	imperceptibility	71	technical	noun.attribute	5	the property of being imperceptible by the mind or the senses
2402	inaudibility	70	technical	noun.attribute	5	the quality of not being perceptible by the ear
2403	inelasticity	68	specific	noun.attribute	5	the lack of elasticity
2404	invisibility	65	ordinary	noun.attribute	5	the quality of not being perceivable by the eye
2405	luminosity	55	common	noun.attribute	5	the quality of being luminous; emitting or reflecting light
2406	malleability	63	ordinary	noun.attribute	5	the property of being physically malleable; the property of something that can be worked or hammered or shaped without breaking
2407	meltability	73	obscure	noun.attribute	5	Capability of being reduced from a solid to a liquid state usually by heat.
2408	momentum	71	technical	noun.attribute	5	the product of a body's mass and its velocity
2409	oversteer	73	obscure	noun.attribute	5	when a car turns (steers) by more than (over) the amount commanded by the driver.
2410	perceptibility	65	ordinary	noun.attribute	5	the property of being perceptible by the mind or the senses
2411	randomness	61	ordinary	noun.attribute	5	(thermodynamics) a thermodynamic quantity representing the amount of energy in a system that is no longer available for doing mechanical work
2412	reflection	64	ordinary	noun.attribute	5	the ability to reflect beams or rays
2413	reluctivity	73	obscure	noun.attribute	5	(physics) the resistance of a material to the establishment of a magnetic field in it
2414	sensitivity	64	ordinary	noun.attribute	5	the ability to respond to physical stimuli or to register small physical amounts or differences
2415	slatiness	73	obscure	noun.attribute	5	The state or quality of being of or resembling the mineral slate.
2416	thermal insulation	76	obscure	noun.attribute	5	The reduction of heat transfer between objects in thermal contact or in range of radiative influence.
2417	thermal resistance	76	obscure	noun.attribute	5	a measurement of a temperature difference by which an object or material resists a heat flow.
2418	understeer	73	obscure	noun.attribute	5	when a car steers less than (under) the amount commanded by the driver.
2419	unmalleability	73	obscure	noun.attribute	5	a lack of malleability
2420	weight	57	common	noun.attribute	5	the vertical force exerted by a mass as a result of gravity
2421	brackishness	73	obscure	noun.attribute	5	the quality of being salty, as the saltiness of water
2422	brininess	70	technical	noun.attribute	5	the relative proportion of salt in a solution
2423	A1	73	obscure	noun.attribute	5	Paper size, 594 x 841 mm.
2424	A2	73	obscure	noun.attribute	5	Paper size, 420 x 594 mm
2425	A5	73	obscure	noun.attribute	5	Paper size, 148 x 210 mm
2426	A6	73	obscure	noun.attribute	5	Paper size, 105 x 148 mm
2427	B0	73	obscure	noun.attribute	5	Paper size, 1000 x 1414 mm
2428	B1	73	obscure	noun.attribute	5	Paper size, 707 x 1000 mm
2429	B2	73	obscure	noun.attribute	5	Paper size, 500 x 707 mm
2430	B3	73	obscure	noun.attribute	5	Paper size, 353 x 500 mm
2431	B4	73	obscure	noun.attribute	5	Paper size, 250 x 353 mm
2432	B5	73	obscure	noun.attribute	5	Paper size, 176 x 250 mm.
2433	B6	73	obscure	noun.attribute	5	Paper size, 125 x 176 mm.
2434	C0	73	obscure	noun.attribute	5	Envelope size, 917 x 1297 mm.
2435	C1	73	obscure	noun.attribute	5	Envelope size, 648 x 917 mm.
2436	C2	73	obscure	noun.attribute	5	Envelope size, 458 x 648 mm
2437	C3	73	obscure	noun.attribute	5	Envelope size, 324 x 458 mm
2438	C4	73	obscure	noun.attribute	5	Envelope size, 229 x 324 mm
2439	C5	73	obscure	noun.attribute	5	Envelope size, 162 x 229 mm
2440	C6	73	obscure	noun.attribute	5	Envelope size, 114 x 162 mm.
2441	extra large	76	obscure	noun.attribute	5	a garment size for a very large person
2442	large	73	obscure	noun.attribute	5	a garment size for a large person
2443	octavo	66	ordinary	noun.attribute	5	the size of a book whose pages are made by folding a sheet of paper three times to form eight leaves
2444	outsize	73	obscure	noun.attribute	5	an unusual garment size (especially one that is very large)
2445	petite	73	obscure	noun.attribute	5	a garment size for short or slender women
2446	press sheet	76	obscure	noun.attribute	5	a sheet as printed during a pressrun and before folding.
2447	quarto	70	technical	noun.attribute	5	the size of a book whose pages are made by folding a sheet of paper twice to form four leaves
2448	regular	74	obscure	noun.attribute	5	a garment size for persons of average height and weight
2449	size of coal	75	obscure	noun.attribute	5	the commercial size of coal, as broken and sorted by the coal breaker.
2450	small	73	obscure	noun.attribute	5	a garment size for a small person
2451	stout	73	obscure	noun.attribute	5	a garment size for a large or heavy person
2452	tall	73	obscure	noun.attribute	5	a garment size for a tall person
2453	dissonance	69	specific	noun.attribute	5	disagreeable sounds
2454	harmony	73	obscure	noun.attribute	5	an agreeable sound property
2455	musicality	65	ordinary	noun.attribute	5	the property of sounding like music
2456	pitch	56	common	noun.attribute	5	the property of sound that varies with variation in the frequency of vibration
2457	registration	73	obscure	noun.attribute	5	(music) the sound property resulting from a combination of organ stops used to perform a particular piece of music; the technique of selecting and adjusting organ stops
2458	rhythmicity	68	specific	noun.attribute	5	the rhythmic property imparted by the accents and relative durations of notes in a piece of music
2459	silence	61	ordinary	noun.attribute	5	the absence of sound
2460	timbre	53	common	noun.attribute	5	(music) the distinctive property of a complex sound (a voice or noise or musical sound)
2461	asymmetry	64	ordinary	noun.attribute	5	(mathematics) a lack of symmetry
2462	dimensionality	68	specific	noun.attribute	5	the spatial property of having dimensions
2463	directionality	71	technical	noun.attribute	5	the property of being directional or maintaining a direction
2464	obliqueness	71	technical	noun.attribute	5	the property of being neither parallel nor perpendicular, but at a slanting angle
2465	symmetry	53	common	noun.attribute	5	(mathematics) an attribute of a shape or relation; exact reflection of form on opposite sides of a dividing line or plane
2466	brawn	59	common	noun.attribute	5	possessing muscular strength
2467	endurance	64	ordinary	noun.attribute	5	the power to withstand hardship or stress
2468	firmness	65	ordinary	noun.attribute	5	the muscle tone of healthy tissue
2469	good part	76	obscure	noun.attribute	5	a place of especial strength
2470	huskiness	64	ordinary	noun.attribute	5	the property of being big and strong
2471	indomitability	70	technical	noun.attribute	5	the property being difficult or impossible to defeat
2472	invulnerability	71	technical	noun.attribute	5	the property of being invulnerable; the property of being incapable of being hurt (physically or emotionally)
2473	might	66	ordinary	noun.attribute	5	physical strength
2474	robustness	64	ordinary	noun.attribute	5	the property of being strong and healthy in constitution
2475	stoutness	67	specific	noun.attribute	5	the property of being strong and resolute
2476	sturdiness	71	technical	noun.attribute	5	the property of something that is strongly built
2477	vigor	61	ordinary	noun.attribute	5	active strength of body or mind
2478	bitterness	67	specific	noun.attribute	5	the property of having a harsh unpleasant taste
2479	palatability	61	ordinary	noun.attribute	5	the property of being acceptable to the mouth
2480	sourness	61	ordinary	noun.attribute	5	the property of being acidic
2481	spiciness	59	common	noun.attribute	5	the property of being seasoned with spice and so highly flavored
2482	sweetness	63	ordinary	noun.attribute	5	the property of tasting as if it contains sugar
2483	unpalatability	62	ordinary	noun.attribute	5	the property of being unacceptable to the mouth
2484	pace	57	common	noun.attribute	5	the relative speed of progress or change
2485	prospectiveness	73	obscure	noun.attribute	5	The quality of relating to or furnishing a future prospect.
2486	temporal arrangement	60	common	noun.attribute	5	arrangement of events in time
2487	color	39	common	noun.attribute	5	a visual attribute of things that results from the light they emit or transmit or reflect
2488	color property	69	specific	noun.attribute	5	an attribute of color
2489	colorlessness	59	common	noun.attribute	5	the visual property of being without chromatic color
2490	dullness	68	specific	noun.attribute	5	a lack of visual brightness
2491	light	62	ordinary	noun.attribute	5	the visual effect of illumination on objects or scenes as created in pictures
2492	adynamia	73	obscure	noun.attribute	5	lack of strength or vigor (especially from illness)
2493	attenuation	73	obscure	noun.attribute	5	the property of something that has been weakened or reduced in thickness or density
2494	enervation	69	specific	noun.attribute	5	lack of vitality
2495	faintness	70	technical	noun.attribute	5	the property of being without strength
2496	fatigability	73	obscure	noun.attribute	5	susceptibility to fatigue; a tendency to get tired or lose strength
2497	feebleness	69	specific	noun.attribute	5	the quality of lacking intensity or substance
2498	flimsiness	70	technical	noun.attribute	5	the property of weakness by virtue of careless construction
2499	fragility	69	specific	noun.attribute	5	lack of physical strength
2500	inanition	60	common	noun.attribute	5	weakness characterized by a lack of vitality or energy
2501	insubstantiality	71	technical	noun.attribute	5	lack of solid substance and strength
2502	smallness	68	specific	noun.attribute	5	the property of having relatively little strength or vigor
2503	vulnerability	66	ordinary	noun.attribute	5	susceptibility to injury or attack
2504	weak part	64	ordinary	noun.attribute	5	a place of especial vulnerability
2505	Midas touch	76	obscure	noun.attribute	5	an ability to make and manage large amounts of money
2506	adaptability	69	specific	noun.attribute	5	the ability to change (or be changed) to fit changed circumstances
2507	capability	57	common	noun.attribute	5	the quality of being capable — physically or intellectually or legally
2508	competence	65	ordinary	noun.attribute	5	the quality of being adequately or well qualified physically and intellectually
2509	contractility	71	technical	noun.attribute	5	the capability or quality of shrinking or contracting, especially by muscle fibers and even some other forms of living matter
2510	immunocompetence	73	obscure	noun.state	5	the ability to develop an immune response following exposure to an antigen
2511	interoperability	73	obscure	noun.attribute	5	(computer science) the ability to exchange and use information (usually in a large heterogeneous network made up of several local area networks)
2512	invasiveness	73	obscure	noun.attribute	5	The quality of tending to spread; especially of tending to invade healthy tissue.
2513	magical ability	70	technical	noun.attribute	5	an ability to perform magic
2514	penetration	73	obscure	noun.attribute	5	the ability to make way into or through something
2515	physical ability	72	technical	noun.attribute	5	the ability to perform some physical act; contrasting with mental ability
2516	totipotency	70	technical	noun.attribute	5	the ability of a cell to give rise to unlike cells and so to develop a new organism or part
2517	exactness	64	ordinary	noun.attribute	5	the quality of being exact
2518	mystique	73	obscure	noun.attribute	5	an aura of heightened value or interest or meaning surrounding a person or thing
2519	note	73	obscure	noun.attribute	5	a characteristic emotional quality
2520	vibration	71	technical	noun.attribute	5	a distinctive emotional aura experienced instinctively
2521	agerasia	73	obscure	noun.attribute	5	youthful appearance in an old person
2522	beauty	59	common	noun.attribute	5	the qualities that give pleasure to the senses
2523	blemish	55	common	noun.attribute	5	a mark or flaw that spoils the appearance of something (especially on a person's body)
2524	complexion	74	obscure	noun.attribute	5	texture and appearance of the skin of the face
2525	countenance	59	common	noun.attribute	5	the appearance conveyed by a person's face
2526	decorativeness	68	specific	noun.attribute	5	an appearance that serves to decorate and make something more attractive
2527	disfigurement	64	ordinary	noun.attribute	5	an appearance that has been spoiled or is misshapen
2528	etiolation	69	specific	noun.attribute	5	a pale and sickly appearance
2529	face	69	specific	noun.attribute	5	the general outward appearance of something
2530	format	65	ordinary	noun.attribute	5	the general appearance of a publication
2531	hairiness	65	ordinary	noun.attribute	5	the quality of having hair
2532	hairlessness	73	obscure	noun.attribute	5	the quality of not having hair
2533	homeliness	69	specific	noun.attribute	5	an appearance that is not attractive or beautiful
2534	impression	58	common	noun.attribute	5	an outward appearance
2535	look	72	technical	noun.attribute	5	physical appearance
2536	ornateness	66	ordinary	noun.attribute	5	an ornate appearance; being elaborately (even excessively) decorated
2537	persona	69	specific	noun.attribute	5	(Jungian psychology) a personal facade that one presents to the world
2538	perspective	68	specific	noun.attribute	5	the appearance of things relative to one another as determined by their distance from the viewer
2539	plainness	68	specific	noun.attribute	5	the appearance of being plain and unpretentious
2540	semblance	52	common	noun.attribute	5	an outward or token appearance or form that is deliberately misleading
2541	sleekness	71	technical	noun.attribute	5	the quality of being well-groomed and neatly tailored
2542	stain	54	common	noun.attribute	5	a soiled or discolored appearance
2543	superficies	71	technical	noun.attribute	5	the purely external aspect of a thing; superficial appearance
2544	toothlessness	73	obscure	noun.attribute	5	The state or condition of being toothless; lack of teeth.
2545	ugliness	64	ordinary	noun.attribute	5	qualities of appearance that do not give pleasure to the senses
2546	unbecomingness	73	obscure	noun.attribute	5	The state of not being flattering, attractive or appropriate.
2547	vanishing point	75	obscure	noun.attribute	5	the appearance of a point on the horizon at which parallel lines converge
2548	view	75	obscure	noun.attribute	5	outward appearance
2549	advantage	55	common	noun.attribute	5	the quality of having a superior or more favorable position
2550	resource	65	ordinary	noun.attribute	5	a source of aid or support that may be drawn upon when needed
2551	allure	63	ordinary	noun.attribute	5	the power to entice or attract through personal charm
2552	binding	68	specific	noun.attribute	5	the capacity to attract and hold something
2553	drawing power	76	obscure	noun.attribute	5	the capacity for attracting people (customers or supporters)
2554	fascination	73	obscure	noun.attribute	5	the capacity to attract intense interest
2555	lure	62	ordinary	noun.attribute	5	qualities that attract by seeming to promise some kind of reward
2556	sexual attraction	76	obscure	noun.attribute	5	attractiveness on the basis of sexual desire
2557	show-stopper	72	technical	noun.attribute	5	something that is strikingly attractive or has great popular appeal
2558	evil	59	common	noun.attribute	5	the quality of being morally wrong in principle or practice
2559	inadvisability	73	obscure	noun.attribute	5	the quality of being ill-advised
2560	liability	64	ordinary	noun.attribute	5	the quality of being something that holds you back
2561	undesirability	73	obscure	noun.attribute	5	the quality possessed by something that should be avoided
2562	unsoundness	73	obscure	noun.attribute	5	not mentally or physically healthy
2563	unworthiness	65	ordinary	noun.attribute	5	the quality or state of lacking merit or value
2564	worse	73	obscure	noun.attribute	5	something inferior in quality or condition or effect
2565	cert	73	obscure	noun.attribute	5	an absolute certainty
2566	indisputability	57	common	noun.attribute	5	the quality of being beyond question or dispute or doubt
2567	ineluctability	70	technical	noun.attribute	5	the quality of being impossible to avoid or evade
2568	inevitability	70	technical	noun.attribute	5	the quality of being unavoidable
2569	moral certainty	76	obscure	noun.attribute	5	certainty based on an inner conviction
2570	predictability	67	specific	noun.attribute	5	the quality of being predictable
2571	slam dunk	73	obscure	noun.attribute	5	something that is a sure to occur; a foregone conclusion
2572	surety	68	specific	noun.attribute	5	something clearly established
2573	commutability	69	specific	noun.attribute	5	the quality of being commutable
2574	exchangeability	55	common	noun.attribute	5	the quality of being capable of exchange or interchange
2575	fluidity	69	specific	noun.attribute	5	a changeable quality
2576	inconstancy	66	ordinary	noun.attribute	5	the quality of being changeable and variable
2577	mutability	66	ordinary	noun.attribute	5	the quality of being capable of mutation
2578	progressiveness	70	technical	noun.attribute	5	advancement toward better conditions or policies or methods
2579	reversibility	73	obscure	noun.attribute	5	the quality of being reversible in either direction
2580	shiftiness	73	obscure	noun.attribute	5	the quality of being changeable in direction
2581	variability	58	common	noun.attribute	5	the quality of being subject to variation
2582	absoluteness	71	technical	noun.attribute	5	the quality of being absolute
2583	constancy	61	ordinary	noun.attribute	5	the quality of being enduring and free from change or variation
2584	fixedness	70	technical	noun.attribute	5	the quality of being fixed and unchangeable
2585	immutability	61	ordinary	noun.attribute	5	the quality of being incapable of mutation
2586	innateness	73	obscure	noun.attribute	5	the quality of being innate
2587	invariability	62	ordinary	noun.attribute	5	the quality of being resistant to variation
2588	irreversibility	73	obscure	noun.attribute	5	the quality of being irreversible (once done it cannot be changed)
2589	unexchangeability	70	technical	noun.attribute	5	the quality of being incapable of exchange or interchange
2590	aspect	70	technical	noun.attribute	5	a characteristic to be considered
2591	compatibility	65	ordinary	noun.attribute	5	capability of existing or performing in harmonious or congenial combination
2592	curability	70	technical	noun.attribute	5	capability of being cured or healed
2593	dangerousness	70	technical	noun.attribute	5	the quality of not being safe
2594	directness	63	ordinary	noun.attribute	5	trueness of course toward a goal
2595	hallmark	58	common	noun.attribute	5	a distinctive characteristic or attribute of someone or something
2596	incompatibility	68	specific	noun.attribute	5	the quality of being unable to exist or work in congenial combination
2597	incurability	67	specific	noun.attribute	5	incapability of being cured or healed
2598	indirectness	67	specific	noun.attribute	5	having the characteristic of lacking a true course toward a goal
2599	noninvasiveness	73	obscure	noun.attribute	5	The quality of not being or involving an invasive medical procedure.
2600	recommendation	70	technical	noun.attribute	5	any quality or characteristic that gains a person a favorable reception or acceptance or admission
2601	safeness	71	technical	noun.attribute	5	the quality of being safe
2602	saving grace	75	obscure	noun.attribute	5	a redeeming quality or characteristic
2603	streak	70	technical	noun.attribute	5	a distinctive characteristic
2604	distinctness	61	ordinary	noun.attribute	5	the quality of being sharp and clear
2605	translucence	66	ordinary	noun.attribute	5	the quality of allowing light to pass diffusely
2606	transparency	62	ordinary	noun.attribute	5	the quality of being clear and transparent
2607	visibility	73	obscure	noun.attribute	5	capability of providing a clear unobstructed view
2608	flammability	70	technical	noun.attribute	5	the quality of being easily ignited and burning rapidly
2609	complicatedness	63	ordinary	noun.attribute	5	puzzling complexity
2610	elaborateness	60	common	noun.attribute	5	marked by elaborately complex detail
2611	tapestry	69	specific	noun.attribute	5	something that resembles a tapestry in its intricacy
2612	trickiness	73	obscure	noun.attribute	5	the quality of requiring skill or caution
2613	clarity	50	common	noun.attribute	5	free from obscurity and easy to understand; the comprehensibility of clear expression
2614	coherence	69	specific	noun.attribute	5	logical and orderly and consistent relation of parts
2615	intelligibility	70	technical	noun.attribute	5	the quality of language that is comprehensible
2616	legibility	69	specific	noun.attribute	5	a quality of writing (print or handwriting) that can be easily read
2617	authenticity	64	ordinary	noun.attribute	5	undisputed credibility
2618	cogency	62	ordinary	noun.attribute	5	the quality of being valid and rigorous
2619	plausibility	68	specific	noun.attribute	5	apparent validity
2620	street credibility	69	specific	noun.attribute	5	credibility among young fashionable urban individuals
2621	erosiveness	73	obscure	noun.attribute	5	The state or quality of causing or tending to wear away or erode.
2622	harmfulness	63	ordinary	noun.attribute	5	destructiveness that causes harm or injury
2623	differentia	73	obscure	noun.attribute	5	distinguishing characteristics (especially in different species of a genus)
2624	differential	71	technical	noun.attribute	5	a quality that differentiates between similar things
2625	discrepancy	58	common	noun.attribute	5	a difference between conflicting facts or claims or opinions
2626	dissimilarity	62	ordinary	noun.attribute	5	the quality of being dissimilar
2627	distinction	72	technical	noun.attribute	5	a distinguishing difference between similar things or people
2628	inequality	66	ordinary	noun.attribute	5	lack of equality
2629	otherness	64	ordinary	noun.attribute	5	the quality of being not alike; being distinct or different from that otherwise experienced or known
2630	unconstitutionality	73	obscure	noun.attribute	5	The status of being unconstitutional; of not being in accord with the provisions of the appropriate constitution.
2631	variety	73	obscure	noun.attribute	5	a difference that is usually pleasant
2632	asperity	55	common	noun.attribute	5	something hard to endure
2633	bitch	68	specific	noun.state	5	an unpleasant difficulty
2634	burdensomeness	63	ordinary	noun.attribute	5	unwelcome burdensome difficulty
2635	effortfulness	70	technical	noun.attribute	5	the quality of requiring deliberate effort
2636	facer	73	obscure	noun.cognition	5	(a dated Briticism) a serious difficulty with which one is suddenly faced
2637	fix	51	common	noun.state	5	informal terms for a difficult situation
2638	formidability	68	specific	noun.attribute	5	impressive difficulty
2639	hard time	70	technical	noun.state	5	a difficulty that can be overcome with effort
2640	mire	73	obscure	noun.state	5	a difficulty or embarrassment that is hard to extricate yourself from
2641	pinch	66	ordinary	noun.state	5	a painful or straitened circumstance
2642	pitfall	67	specific	noun.cognition	5	an unforeseen or unexpected or surprising difficulty
2643	predicament	62	ordinary	noun.state	5	a situation from which extrication is difficult especially an unpleasant or trying one
2644	problem	62	ordinary	noun.state	5	a state of difficulty that needs to be resolved
2645	rattrap	69	specific	noun.state	5	a difficult entangling situation
2646	snorter	71	technical	noun.cognition	5	something outstandingly difficult
2647	stress	70	technical	noun.state	5	difficulty that causes worry or emotional tension
2648	subtlety	69	specific	noun.attribute	5	the quality of being difficult to detect or analyze
2649	thorniness	73	obscure	noun.attribute	5	The property of being full of difficulties, complexities, or controversial points.
2650	troublesomeness	61	ordinary	noun.attribute	5	a difficulty that causes anxiety
2651	urinary hesitancy	76	obscure	noun.state	5	difficulty in beginning the flow of urine; associated with prostate enlargement in men and with narrowing of the urethral opening in women; may be caused by emotional stress in either men or women
2652	wrinkle	71	technical	noun.cognition	5	a minor difficulty
2653	fissiparity	73	obscure	noun.attribute	5	the tendency to break into parts
2654	effortlessness	70	technical	noun.attribute	5	the quality of requiring little effort
2655	painlessness	73	obscure	noun.attribute	5	Ease; lack of difficulty.
2656	breeding	61	ordinary	noun.attribute	5	elegance by virtue of fineness of manner and expression
2657	chic	57	common	noun.attribute	5	elegance by virtue of being fashionable
2658	courtliness	73	obscure	noun.attribute	5	elegance suggestive of a royal court
2659	daintiness	66	ordinary	noun.attribute	5	the quality of being beautiful and delicate in appearance
2660	dash	53	common	noun.attribute	5	distinctive and stylish elegance
2661	magnificence	57	common	noun.attribute	5	the quality of being magnificent or splendid or grand
2662	pomp	69	specific	noun.attribute	5	ceremonial elegance and splendor
2663	tastefulness	73	obscure	noun.attribute	5	elegance indicated by good taste
2664	admirability	64	ordinary	noun.attribute	5	admirable excellence
2665	first-rateness	76	obscure	noun.attribute	5	The property of being of exceptionally good quality.
2666	incomparability	71	technical	noun.attribute	5	The quality of being so much better than another as to be beyond comparison.
2667	matchlessness	70	technical	noun.attribute	5	The state or condition of being matchless, of having no equal.
2668	refinement	69	specific	noun.attribute	5	the quality of excellence in thought and manners and taste
2669	picturesqueness	71	technical	noun.attribute	5	the quality of being strikingly expressive or vivid
2670	suggestiveness	73	obscure	noun.attribute	5	The state or quality of being full of suggestions, of stimulating thought.
2671	phenomenality	73	obscure	noun.attribute	5	The state or property of being very remarkable; highly extraordinary; amazing.
2672	uncommonness	64	ordinary	noun.attribute	5	extraordinariness as a consequence of being rare and seldom encountered
2673	unexpectedness	70	technical	noun.attribute	5	extraordinariness by virtue of being unexpected
2674	loyalty	59	common	noun.attribute	5	the quality of being loyal
2675	limitedness	73	obscure	noun.attribute	5	The state or characteristic of having certain (often specified) limits placed upon it.
2676	alienage	70	technical	noun.attribute	5	the quality of being alien
2677	exoticism	66	ordinary	noun.attribute	5	the quality of being exotic
2678	productiveness	66	ordinary	noun.attribute	5	the quality of being productive or having the power to produce
2679	richness	64	ordinary	noun.attribute	5	the property of producing abundantly and sustaining vigorous and luxuriant growth
2680	poorness	70	technical	noun.attribute	5	less than adequate
2681	unproductiveness	73	obscure	noun.attribute	5	the quality of lacking the power to produce
2682	commonality	67	specific	noun.attribute	5	sharing of common attributes
2683	pervasiveness	73	obscure	noun.attribute	5	the quality of filling or spreading throughout
2684	prevalence	67	specific	noun.attribute	5	the quality of prevailing generally; being widespread
2685	totality	71	technical	noun.attribute	5	the quality of being complete and indiscriminate
2686	universality	70	technical	noun.attribute	5	the quality of being universal; existing everywhere
2687	benefit	63	ordinary	noun.attribute	5	something that aids or promotes well-being
2688	better	68	specific	noun.attribute	5	something superior in quality or condition or effect
2689	desirability	67	specific	noun.attribute	5	the quality of being worthy of desiring
2690	optimum	73	obscure	noun.attribute	5	most favorable conditions or greatest degree or amount possible under given circumstances
2691	worthiness	67	specific	noun.attribute	5	the quality or state of having merit or value
2692	sacredness	71	technical	noun.attribute	5	the quality of being sacred
2693	humanity	69	specific	noun.attribute	5	the quality of being humane
2694	mercifulness	63	ordinary	noun.attribute	5	a disposition to be kind and forgiving
2695	comicality	70	technical	noun.attribute	5	the quality of being comical
2696	invalidity	68	specific	noun.attribute	5	illogicality as a consequence of having a conclusion that does not follow from the premisses
2697	abstractness	73	obscure	noun.attribute	5	the quality of being considered apart from a specific instance or object
2698	intangibility	66	ordinary	noun.attribute	5	the quality of being intangible and not perceptible by touch
2699	unreality	65	ordinary	noun.attribute	5	the quality possessed by something that is unreal
2700	immotility	73	obscure	noun.attribute	5	lacking an ability to move
2701	immovability	63	ordinary	noun.attribute	5	not capable of being moved or rearranged
2702	inertness	73	obscure	noun.attribute	5	immobility by virtue of being inert
2703	adulterousness	73	obscure	noun.attribute	5	The quality of being adulterous, involving sexual intercourse by a married person with someone other than their spouse.
2704	anomie	69	specific	noun.attribute	5	lack of moral standards in a society
2705	corruptibility	73	obscure	noun.attribute	5	the capability of being corrupted
2706	corruption	59	common	noun.attribute	5	moral perversion; impairment of virtue and moral principles
2707	licentiousness	67	specific	noun.attribute	5	the quality of being lewd and lascivious
2708	unrighteousness	61	ordinary	noun.attribute	5	failure to adhere to moral principles
2709	wrongness	71	technical	noun.attribute	5	contrary to conscience or morality
2710	enigmaticness	71	technical	noun.attribute	5	Mysteriousness, complexity; the property of being puzzling or inexplicable.
2711	steamtightness	73	obscure	noun.attribute	5	The property of being being sealed in such a way that steam cannot leak out.
2712	waterproofness	70	technical	noun.attribute	5	The condition of being so tightly made that water cannot enter or escape.
2713	flightlessness	73	obscure	noun.attribute	5	The condition of being unable to fly, usually used with birds such as the penguin, ostrich, and emu.
2714	incapability	67	specific	noun.attribute	5	the quality of not being capable — physically or intellectually or legally
2715	incompetence	65	ordinary	noun.attribute	5	lack of physical or intellectual ability or qualifications
2716	indefinability	73	obscure	noun.attribute	5	The quality of not being able to be precisely defined or put into words.
2717	indiscernibility	73	obscure	noun.attribute	5	The state or characteristic of being indiscernible; inability to be observed.
2718	insensitivity	62	ordinary	noun.attribute	5	the inability to respond to affective changes in your interpersonal environment
2719	insufficiency	68	specific	noun.state	5	(pathology) inability of a bodily part or organ to function normally
2720	unadaptability	70	technical	noun.attribute	5	the inability to change or be changed to fit changed circumstances
2721	unmusicality	73	obscure	noun.attribute	5	The state or condition of being lacking in musical ability.
2722	inexactness	66	ordinary	noun.attribute	5	the quality of being inexact
2723	looseness	71	technical	noun.attribute	5	a lack of strict accuracy; laxity of practice
2724	illegibility	73	obscure	noun.attribute	5	the quality of writing (print or handwriting) that cannot be deciphered
2725	inscrutability	73	obscure	noun.attribute	5	the quality of being impossible to investigate
2726	noise	75	obscure	noun.attribute	5	incomprehensibility resulting from irrelevant information or meaningless facts or remarks
2727	obscureness	63	ordinary	noun.attribute	5	the quality of being unclear or abstruse and hard to understand
2728	unclearness	66	ordinary	noun.attribute	5	incomprehensibility as a result of not being clear
2729	unintelligibility	73	obscure	noun.attribute	5	incomprehensibility as a consequence of being unintelligible
2730	erroneousness	66	ordinary	noun.attribute	5	inadvertent incorrectness
2731	implausibility	70	technical	noun.attribute	5	the quality of provoking disbelief
2732	awkwardness	59	common	noun.attribute	5	the inelegance of someone stiff and unrelaxed (as by embarrassment)
2733	boorishness	69	specific	noun.attribute	5	inelegance by virtue of being an uncouth boor
2734	coarseness	60	common	noun.attribute	5	the quality of lacking taste and refinement
2735	crudeness	70	technical	noun.attribute	5	an unpolished unrefined quality
2736	dowdiness	66	ordinary	noun.attribute	5	having a drab or dowdy quality; lacking stylishness or elegance
2737	shabbiness	58	common	noun.attribute	5	a lack of elegance as a consequence of wearing threadbare or dirty clothing
2738	tastelessness	69	specific	noun.attribute	5	inelegance indicated by a lack of good taste
2739	tweediness	73	obscure	noun.attribute	5	an informal, homely, outdoor look characteristic of those who wear tweeds
2740	disloyalty	67	specific	noun.attribute	5	the quality of being disloyal
2741	faithlessness	63	ordinary	noun.attribute	5	unfaithfulness by virtue of being unreliable or treacherous
2742	inexhaustibility	73	obscure	noun.attribute	5	The state or condition of being impossible to exhaust; of being unlimited.
2743	atrocity	57	common	noun.attribute	5	the quality of being shockingly cruel and inhumane
2744	bestiality	71	technical	noun.attribute	5	the stupid brutal quality of a beast
2745	mercilessness	66	ordinary	noun.attribute	5	inhumaneness evidenced by an unwillingness to be kind or forgiving
2746	futility	73	obscure	noun.attribute	5	uselessness as a consequence of having no practical result
2747	impracticability	68	specific	noun.attribute	5	the quality of not being usable
2748	impracticality	69	specific	noun.attribute	5	concerned with theoretical possibilities rather than actual use
2749	fitfulness	68	specific	noun.attribute	5	the quality of being spasmodic and irregular
2750	fluctuation	68	specific	noun.attribute	5	the quality of being unsteady and subject to changes
2751	inhomogeneity	73	obscure	noun.attribute	5	the quality of being inhomogeneous
2752	intermittence	70	technical	noun.attribute	5	the quality of being intermittent; subject to interruption or periodic stopping
2753	unevenness	61	ordinary	noun.attribute	5	the quality of being uneven and lacking uniformity
2754	unsteadiness	69	specific	noun.attribute	5	the quality of being unsteady — varying and unpredictable
2755	legality	70	technical	noun.attribute	5	lawfulness by virtue of conformity to a legal statute
2756	legitimacy	71	technical	noun.attribute	5	lawfulness by virtue of being authorized or in accordance with law
2757	licitness	73	obscure	noun.attribute	5	the quality of strictly conforming to law
2758	semilegality	70	technical	noun.attribute	5	The property of being of partial or questionable legality.
2759	completeness	72	technical	noun.attribute	5	(logic) an attribute of a logical system that is so constituted that a contradiction arises if any proposition is introduced that cannot be derived from the axioms of the system
2760	rationality	69	specific	noun.attribute	5	the quality of being consistent with or based on logic
2761	concreteness	70	technical	noun.attribute	5	the quality of being concrete (not abstract)
2762	reality	74	obscure	noun.attribute	5	the quality possessed by something that is real
2763	substantiality	66	ordinary	noun.attribute	5	the quality of being substantial or having substance
2764	tangibility	66	ordinary	noun.attribute	5	the quality of being perceivable by touch
2765	locomotion	64	ordinary	noun.attribute	5	the power or ability to move
2766	maneuverability	68	specific	noun.attribute	5	the quality of being maneuverable
2767	manipulability	73	obscure	noun.attribute	5	the quality of being controllable by skilled movements of the hands
2768	motility	71	technical	noun.attribute	5	ability to move spontaneously and independently
2769	movability	63	ordinary	noun.attribute	5	the quality of being movable; capable of being moved or rearranged
2770	restlessness	68	specific	noun.attribute	5	the quality of being ceaselessly moving or active
2771	conscience	67	specific	noun.attribute	5	conformity to one's own sense of right conduct
2772	ethicality	73	obscure	noun.attribute	5	The state, quality or manner of conforming to accepted standards of conduct.
2773	righteousness	61	ordinary	noun.attribute	5	adhering to moral principles
2774	rightness	68	specific	noun.attribute	5	according with conscience or morality
2775	virtue	63	ordinary	noun.attribute	5	morality with respect to sexual relations
2776	artlessness	58	common	noun.attribute	5	the quality of innocent naivete
2777	credulousness	70	technical	noun.attribute	5	tendency to believe too readily and therefore to be easily deceived
2778	indigenousness	66	ordinary	noun.attribute	5	nativeness by virtue of originating or occurring naturally (as in a particular place)
2779	localness	73	obscure	noun.attribute	5	The state or condition of being from a nearby location.
2780	naturalization	65	ordinary	noun.attribute	5	the quality of being brought into conformity with nature
2781	sincerity	69	specific	noun.attribute	5	a quality of naturalness and simplicity
2782	spontaneity	70	technical	noun.attribute	5	the quality of being spontaneous and coming from natural feelings without constraint
2783	unaffectedness	73	obscure	noun.attribute	5	not affected; a personal manner that is not consciously constrained
2784	unpretentiousness	73	obscure	noun.attribute	5	the quality of being natural and without pretensions
2785	cloudiness	63	ordinary	noun.attribute	5	the quality of being cloudy
2786	indistinctness	56	common	noun.attribute	5	the quality of being indistinct and without sharp outlines
2787	averageness	69	specific	noun.attribute	5	ordinariness as a consequence of being average and not outstanding
2788	commonness	59	common	noun.attribute	5	ordinariness as a consequence of being frequent and commonplace
2789	expectedness	71	technical	noun.attribute	5	ordinariness as a consequence of being expected and not surprising
2790	freshness	66	ordinary	noun.attribute	5	originality by virtue of being refreshingly novel
2791	unorthodoxy	66	ordinary	noun.attribute	5	the quality of being unorthodox
2792	sharpness	72	technical	noun.attribute	5	the quality of being keenly and painfully felt
2793	fatherliness	70	technical	noun.attribute	5	the benignity and protectiveness of or befitting a father
2794	motherliness	63	ordinary	noun.attribute	5	the quality of having or showing the tenderness and warmth and affection of or befitting a mother
2795	regionality	73	obscure	noun.attribute	5	The property of being of, or pertaining to, a specific region or district.
2796	specificity	71	technical	noun.attribute	5	the quality of being specific rather than general
2797	agreeableness	65	ordinary	noun.attribute	5	pleasantness resulting from agreeable conditions
2798	enjoyableness	73	obscure	noun.attribute	5	pleasantness resulting from something that can be enjoyed
2799	niceness	71	technical	noun.attribute	5	the quality of nice
2800	pleasingness	73	obscure	noun.attribute	5	the quality of giving pleasure to the senses
2801	assertiveness	68	specific	noun.attribute	5	aggressive self-assurance; given to making bold assertions
2802	effectiveness	57	common	noun.attribute	5	power to be effective; the quality of being able to bring about an effect
2803	free will	70	technical	noun.attribute	5	the power of making free choices unconstrained by external agencies
2804	irresistibility	70	technical	noun.attribute	5	the quality of being overpowering and impossible to resist
2805	legal power	68	specific	noun.attribute	5	(law) the right and power to interpret and apply the law
2806	persuasiveness	68	specific	noun.attribute	5	the power to induce the taking of a course of action or the embracing of a point of view by means of argument or entreaty
2807	potency	63	ordinary	noun.attribute	5	capacity to produce strong physiological or chemical effects
2808	preponderance	69	specific	noun.attribute	5	superiority in power or influence
2809	puissance	73	obscure	noun.attribute	5	power to influence or coerce
2810	repellent	70	technical	noun.attribute	5	the power to repel
2811	stranglehold	64	ordinary	noun.attribute	5	complete power over a person or situation
2812	sway	71	technical	noun.attribute	5	controlling influence
2813	valence	66	ordinary	noun.attribute	5	(chemistry) a property of atoms or radicals; their combining power given in terms of the number of hydrogen atoms (or the equivalent)
2814	veto	73	obscure	noun.attribute	5	the power or right to prohibit or reject a proposed or intended act (especially the power of a chief executive to reject a bill passed by the legislature)
2815	helplessness	62	ordinary	noun.attribute	5	powerlessness revealed by an inability to act
2816	ineffectiveness	64	ordinary	noun.attribute	5	lacking the power to be effective
2817	paper tiger	76	obscure	noun.attribute	5	the nature of a person or organization that appears powerful but is actually powerless and ineffectual
2818	uninterestingness	66	ordinary	noun.attribute	5	inability to capture or hold one's interest
2819	unpersuasiveness	73	obscure	noun.attribute	5	inability to persuade
2820	voicelessness	72	technical	noun.attribute	5	having no voice in the management or control of affairs
2821	likelihood	68	specific	noun.attribute	5	the probability of a specified outcome
2822	preventiveness	73	obscure	noun.attribute	5	The property of preventing, hindering, or acting as an obstacle to something.
2823	calculability	73	obscure	noun.attribute	5	The quality of being subject to or ascertainable by calculation.
2824	ratability	73	obscure	noun.attribute	5	the quality of being capable of being rated or estimated
2825	scalability	73	obscure	noun.attribute	5	the quality of being scalable
2826	cyclicity	65	ordinary	noun.attribute	5	the quality of recurring at regular intervals
2827	even spacing	76	obscure	noun.attribute	5	regularity of spacing
2828	evenness	66	ordinary	noun.attribute	5	a quality of uniformity and lack of variation
2829	orderliness	65	ordinary	noun.attribute	5	the quality of appreciating method and system
2830	routineness	73	obscure	noun.attribute	5	The state or quality of being routine, of possessing the traits of being quotidian, and repeating a pattern regularly.
2831	steadiness	73	obscure	noun.attribute	5	the quality of being steady — regular and unvarying
2832	uniformity	69	specific	noun.attribute	5	a condition in which everything is regular and unvarying
2833	wintriness	73	obscure	noun.attribute	5	The state or quality of being suggestive or characteristic of winter; cold, stormy.
2834	stardust	73	obscure	noun.attribute	5	a dreamy romantic or sentimental quality
2835	equality	64	ordinary	noun.attribute	5	the quality of being the same in quantity or measure or value or status
2836	similarity	60	common	noun.attribute	5	the quality of being similar
2837	acceptability	64	ordinary	noun.attribute	5	satisfactoriness by virtue of conforming to approved standards
2838	adequacy	67	specific	noun.attribute	5	the quality of being able to meet a need satisfactorily:
2839	spinnbarkeit	73	obscure	noun.attribute	5	the capacity of a viscous liquid (especially the cervical mucus) to be drawn out into a strand or blown up into a bubble
2840	ampleness	71	technical	noun.attribute	5	the property of being more than sufficient; comfortable sufficiency
2841	appropriateness	68	specific	noun.attribute	5	the quality of being specially suitable
2842	convenience	65	ordinary	noun.attribute	5	the quality of being useful and convenient
2843	fitness	59	common	noun.attribute	5	the quality of being suitable
2844	doubt	62	ordinary	noun.attribute	5	uncertainty about the truth or factuality or existence of something
2845	fortuitousness	73	obscure	noun.attribute	5	the quality of happening accidentally and by lucky chance
2846	improbability	68	specific	noun.attribute	5	the quality of being improbable
2847	indefiniteness	55	common	noun.attribute	5	the quality of being vague and poorly defined
2848	speculativeness	71	technical	noun.attribute	5	the quality of being a conclusion or opinion based on supposition and conjecture rather than on fact or investigation
2849	unpredictability	73	obscure	noun.attribute	5	lacking predictability
2850	profaneness	67	specific	noun.attribute	5	unholiness by virtue of being profane
2851	illegality	68	specific	noun.attribute	5	unlawfulness by virtue of violating some legal statute
2852	illegitimacy	73	obscure	noun.attribute	5	unlawfulness by virtue of not being authorized by or in accordance with law
2853	illicitness	73	obscure	noun.attribute	5	the quality of not conforming strictly to law
2854	shadiness	73	obscure	noun.attribute	5	questionable honesty or legality
2855	affectedness	66	ordinary	noun.attribute	5	the quality of being false or artificial (as to impress others)
2856	artificiality	70	technical	noun.attribute	5	the quality of being produced by people and not occurring naturally
2857	pretentiousness	64	ordinary	noun.attribute	5	the quality of being pretentious (behaving or speaking in such a manner as to create a false appearance of great importance or worth)
2858	supernaturalism	67	specific	noun.attribute	5	the quality of being attributed to power that seems to violate or go beyond natural forces
2859	imitativeness	73	obscure	noun.attribute	5	the state of being imitating, copying, or unoriginal.
2860	orthodoxy	64	ordinary	noun.attribute	5	the quality of being orthodox (especially in religion)
2861	awfulness	58	common	noun.attribute	5	a quality of extreme unpleasantness
2862	disagreeableness	65	ordinary	noun.attribute	5	the quality of being disagreeable and unpleasant
2863	harshness	65	ordinary	noun.attribute	5	the quality of being harsh or rough or grating to the senses
2864	nastiness	71	technical	noun.attribute	5	the quality of being highly unpleasant
2865	offensiveness	62	ordinary	noun.attribute	5	the quality of being offensive
2866	uncongeniality	73	obscure	noun.attribute	5	The quality of not being pleasing; of being disagreeable.
2867	unpleasingness	73	obscure	noun.attribute	5	the quality of being unpleasant to to the senses
2868	frigidity	66	ordinary	noun.attribute	5	sexual unresponsiveness (especially of women) and inability to achieve orgasm during intercourse
2869	resistance	75	obscure	noun.attribute	5	the degree of unresponsiveness of a disease-causing microorganism to antibiotics or other drugs (as in penicillin-resistant bacteria)
2870	inadequacy	68	specific	noun.attribute	5	unsatisfactoriness by virtue of being inadequate
2871	perishability	70	technical	noun.attribute	5	unsatisfactoriness by virtue of being subject to decay or spoilage or destruction
2872	unacceptability	65	ordinary	noun.attribute	5	unsatisfactoriness by virtue of not conforming to approved standards
2873	inappropriateness	66	ordinary	noun.attribute	5	the quality of being not particularly suitable or befitting
2874	inconvenience	68	specific	noun.attribute	5	the quality of not being useful or convenient
2875	unfitness	71	technical	noun.attribute	5	the quality of not being suitable
2876	deadliness	68	specific	noun.attribute	5	the quality of being deadly
2877	perniciousness	70	technical	noun.attribute	5	grave harmfulness or deadliness
2878	putrescence	69	specific	noun.attribute	5	the quality of rotting and becoming putrid
2879	unhealthfulness	71	technical	noun.attribute	5	the quality of promoting poor health
2880	detergency	70	technical	noun.attribute	5	detergent quality; the quality of having cleansing power
2881	helpfulness	69	specific	noun.attribute	5	the property of providing useful assistance
2882	instrumentality	71	technical	noun.attribute	5	the quality of being instrumental for some purpose
2883	multifunctionality	73	obscure	noun.attribute	5	The condition of having multiple functions.
2884	pointfulness	73	obscure	noun.attribute	5	The state or condition of having meaning, relevance or force.
2885	practicability	68	specific	noun.attribute	5	the quality of being usable
2886	practicality	68	specific	noun.attribute	5	concerned with actual use rather than theoretical possibilities
2887	serviceability	59	common	noun.attribute	5	the quality of being able to provide good service
2888	use	70	technical	noun.attribute	5	a particular service
2889	healthfulness	71	technical	noun.attribute	5	the quality of promoting good health
2890	nutritiousness	70	technical	noun.attribute	5	the quality of being nourishing and promoting healthy growth
2891	demerit	69	specific	noun.attribute	5	the quality of being inadequate or falling short of perfection
2892	merit	67	specific	noun.attribute	5	any admirable quality or attribute
2893	praisworthiness	73	obscure	noun.attribute	5	the property of deserving praise
2894	price	73	obscure	noun.attribute	5	the high value or worth of something
2895	worthwhileness	73	obscure	noun.attribute	5	value sufficient to repay time or effort spent
2896	damn	59	common	noun.attribute	5	something of little value
2897	fecklessness	73	obscure	noun.attribute	5	worthlessness due to being feeble and ineffectual
2898	groundlessness	70	technical	noun.attribute	5	the quality of lacking substance or value
2899	paltriness	70	technical	noun.attribute	5	worthlessness due to insignificance
2900	shoddiness	67	specific	noun.attribute	5	the quality of being cheaply imitative of something better
2901	valuelessness	73	obscure	noun.attribute	5	having none of the properties that endow something with value
2902	vanity	67	specific	noun.attribute	5	the quality of being valueless or futile
2903	blob	73	obscure	noun.shape	5	an indistinct shapeless form
2904	shapelessness	71	technical	noun.shape	5	an amorphous or indefinite shape
2905	fold	44	common	noun.shape	5	an angular or rounded shape made by folding
2906	furcation	67	specific	noun.shape	5	the place where something divides into branches
2907	jog	69	specific	noun.shape	5	a sharp change in direction
2908	zigzag	66	ordinary	noun.shape	5	an angular shape characterized by sharp turns in alternating directions
2909	columella	73	obscure	noun.shape	5	a small column (or structure resembling a column) that is a part of a plant or animal
2910	articulation	53	common	noun.shape	5	the shape or manner in which things come together and a connection is made
2911	node	66	ordinary	noun.shape	5	a connecting point at which several lines come together
2912	knot	71	technical	noun.shape	5	something twisted and tight and swollen
2913	tortuosity	59	common	noun.shape	5	a tortuous and twisted shape or position
2914	warp	67	specific	noun.shape	5	a shape distorted by twisting or folding
2915	equilateral	73	obscure	noun.shape	5	a figure whose sides are all equal
2916	parallel	73	obscure	noun.shape	5	(mathematics) one of a set of parallel geometric figures (parallel lines or planes)
2917	pencil	71	technical	noun.shape	5	a figure formed by a set of straight lines or light rays meeting at a point
2918	plane figure	58	common	noun.shape	5	a two-dimensional shape
2919	solid figure	61	ordinary	noun.shape	5	a shape which may be described by three parameters or Cartesian geometry
2920	subfigure	66	ordinary	noun.shape	5	a figure that is a part of another figure
2921	boundary	57	common	noun.shape	5	a line determining the limits of an area
2922	centerline	70	technical	noun.shape	5	a line that bisects a plane figure
2923	curve	66	ordinary	noun.communication	5	a line on a graph representing data
2924	geodesic	69	specific	noun.shape	5	(mathematics) the shortest line between two points on a mathematically defined surface (as a straight line on a plane or an arc of a great circle on a sphere)
2925	perimeter	71	technical	noun.shape	5	a line enclosing a plane areas
2926	straight line	67	specific	noun.shape	5	a line traced by a point traveling in a constant direction; a line of zero curvature
2927	leaf shape	72	technical	noun.shape	5	any of the various shape that leaves of plants can assume
2928	Cartesian plane	74	obscure	noun.shape	5	a plane in which all points can be described in Cartesian coordinates
2929	facet plane	76	obscure	noun.shape	5	the plane of a facet of an object (as of a cube)
2930	midplane	70	technical	noun.shape	5	the median plane of the body (or some part of the body)
2931	orbital plane	75	obscure	noun.shape	5	(astronomy) the plane on which a body is orbiting
2932	picture plane	75	obscure	noun.shape	5	the plane that is in the foreground of a drawing or painting; coextensive with but different from the objective surface of the work
2933	tangent plane	76	obscure	noun.shape	5	the plane that contains all the lines tangent to a specific point on a surface
2934	coil	48	common	noun.shape	5	a round shape formed by a series of concentric circles (as formed by leaves or flower petals)
2935	cone	60	common	noun.shape	5	a shape whose base is a circle and whose sides taper up to a point
2936	cylinder	63	ordinary	noun.shape	5	a surface generated by rotating a parallel line around a fixed line
2937	disk	58	common	noun.shape	5	something with a round shape resembling a flat circular plate
2938	rim	68	specific	noun.shape	5	the shape of a raised edge of a more or less circular object
2939	sphere	75	obscure	noun.shape	5	a three-dimensional closed surface such that every point on the surface is equidistant from the center
2940	spheroid	70	technical	noun.shape	5	a shape that is generated by rotating an ellipse around one of its axes
2941	torus	65	ordinary	noun.shape	5	a ring-shaped surface generated by rotating a circle around an axis that does not intersect the circle
2942	whirl	60	common	noun.shape	5	the shape of something rotating rapidly
2943	cast	59	common	noun.shape	5	the distinctive form in which a thing is made
2944	concave shape	52	common	noun.shape	5	a shape that curves or bends inward
2945	convex shape	61	ordinary	noun.shape	5	a shape that curves or bulges outward
2946	frustum	70	technical	noun.shape	5	a truncated cone or pyramid; the part that is left when a cone or pyramid is cut by a plane parallel to the base and the apical part is removed
2947	ovoid	73	obscure	noun.shape	5	an egg-shaped object
2948	polyhedron	62	ordinary	noun.shape	5	a solid figure bounded by plane polygons or faces
2949	toroid	67	specific	noun.shape	5	the doughnut-shaped object enclosed by a torus
2950	dynamical system	73	obscure	noun.cognition	5	(physics) a phase space together with a transformation of that space
2951	agency	69	specific	noun.state	5	the state of being in action or exerting power
2952	behavior	67	specific	noun.state	5	the action or reaction of something (as a machine or substance) under specified circumstances
2953	busyness	70	technical	noun.state	5	the state of being or appearing to be actively engaged in an activity
2954	eruption	63	ordinary	noun.state	5	(of volcanoes) pouring out fumes or lava (or a deposit so formed)
2955	overdrive	71	technical	noun.state	5	the state of high or excessive activity or productivity or concentration
2956	play	73	obscure	noun.state	5	a state in which action is feasible
2957	swing	65	ordinary	noun.state	5	a state of steady vigorous action that is characteristic of an activity
2958	actuality	66	ordinary	noun.state	5	the state of actually existing objectively
2959	animation	51	common	noun.state	5	the condition of living or the state of being alive
2960	coexistence	73	obscure	noun.state	5	existing peacefully together
2961	possibility	55	common	noun.state	5	capability of existing or happening or being true
2962	preexistence	73	obscure	noun.state	5	existing in a former state or previous to something else
2963	presence	58	common	noun.state	5	the state of being present; current existence
2964	subsistence	73	obscure	noun.state	5	the state of existing in reality; having substance
2965	transcendence	67	specific	noun.state	5	a state of being or existence above and beyond the limits of material experience
2966	amphidiploidy	73	obscure	noun.state	5	the condition of being amphidiploid
2967	diploidy	73	obscure	noun.state	5	the condition of being diploid
2968	fortune	48	common	noun.state	5	your overall circumstances or condition in life (including everything that happens to you)
2969	haploidy	73	obscure	noun.state	5	the condition of being haploid
2970	heteroploidy	73	obscure	noun.state	5	the condition of being heteroploid
2971	lysogeny	70	technical	noun.state	5	the condition of a host bacterium that has incorporated a phage into its own genetic material
2972	mosaicism	73	obscure	noun.state	5	the condition in which an organism has two or more cell populations that differ in genetic makeup
2973	ordinary	70	technical	noun.state	5	the expected or commonplace condition or situation
2974	orphanage	67	specific	noun.state	5	the condition of being a child without living parents
2975	polyploidy	73	obscure	noun.state	5	the condition of being polyploid
2976	roots	73	obscure	noun.state	5	the condition of belonging to a particular place or group by virtue of social or ethnic or cultural lineage
2977	stigmatism	69	specific	noun.state	5	the condition of having or being marked by stigmata
2978	stratification	66	ordinary	noun.state	5	the condition of being arranged in social strata or classes within a group
2979	transsexualism	73	obscure	noun.state	5	condition in which a person identifies with a gender different from his or her physical gender
2980	absolution	71	technical	noun.state	5	the condition of being formally forgiven by a priest in the sacrament of penance
2981	anchorage	74	obscure	noun.state	5	the condition of being secured to a base
2982	astigmatism	69	specific	noun.state	5	(optics) defect in an optical system in which light rays from a single point fail to converge in a single focal point
2983	atmosphere	52	common	noun.state	5	a particular environment or surrounding influence
2984	atonicity	63	ordinary	noun.state	5	lack of normal muscular tension or tonus
2985	automation	71	technical	noun.state	5	the condition of being automatically operated or controlled
2986	brutalization	66	ordinary	noun.state	5	the condition of being treated in a cruel and savage manner
2987	celibacy	71	technical	noun.state	5	an unmarried status
2988	circumstance	64	ordinary	noun.state	5	a condition that accompanies or influences some event or activity
2989	climate	69	specific	noun.state	5	the prevailing psychological state
2990	comfort	57	common	noun.state	5	a state of being relaxed and feeling no pain
2991	condemnation	74	obscure	noun.state	5	the condition of being strongly disapproved of
2992	curvature	69	specific	noun.state	5	(medicine) a curving or bending; often abnormal
2993	deification	69	specific	noun.state	5	the condition of being treated like a god
2994	despair	67	specific	noun.state	5	a state in which all hope is lost or absent
2995	discomfort	62	ordinary	noun.state	5	the state of being tense and feeling pain
2996	dishabille	68	specific	noun.state	5	the state of being carelessly or partially dressed
2997	disorderliness	58	common	noun.state	5	a condition in which things are not in their expected places
2998	diversification	73	obscure	noun.state	5	the condition of being varied
2999	diversity	73	obscure	noun.attribute	5	the condition or result of being changeable
3000	dominance	47	common	noun.state	5	the state that exists when one person or group has power over another
3001	dryness	55	common	noun.state	5	the condition of not containing or being covered by a liquid (especially water)
3002	economic condition	68	specific	noun.state	5	the condition of the economy
3003	emptiness	63	ordinary	noun.state	5	the state of containing nothing
3004	ennoblement	71	technical	noun.state	5	the state of being noble
3005	environmental condition	66	ordinary	noun.state	5	the state of the environment
3006	exoneration	71	technical	noun.state	5	the condition of being relieved from blame or obligation
3007	eye condition	72	technical	noun.state	5	the condition of the optical properties of the eye
3008	facilitation	69	specific	noun.state	5	the condition of being made easy (or easier)
3009	financial condition	65	ordinary	noun.state	5	the condition of (corporate or personal) finances
3010	frizz	73	obscure	noun.state	5	the condition of being formed into small tight curls
3011	fruition	69	specific	noun.state	5	the condition of bearing fruit
3012	guilt	60	common	noun.state	5	the state of having committed an offense
3013	health	73	obscure	noun.state	5	the general condition of body and mind
3014	homelessness	71	technical	noun.state	5	the state or condition of having no home (especially the state of living in the streets)
3015	hopefulness	67	specific	noun.state	5	full of hope
3016	hospitalization	70	technical	noun.state	5	the condition of being treated as a patient in a hospital
3017	hyalinization	70	technical	noun.state	5	the state of being hyaline or having become hyaline
3018	immunity	59	common	noun.state	5	(medicine) the condition in which an organism can resist disease
3019	impaction	68	specific	noun.state	5	the condition of being pressed closely together and firmly fixed
3020	impropriety	70	technical	noun.state	5	the condition of being improper
3021	improvement	63	ordinary	noun.state	5	a condition superior to an earlier condition
3022	impurity	58	common	noun.state	5	the condition of being impure
3023	innocence	70	technical	noun.state	5	a state or condition of being innocent of a specific crime or offense
3024	irradiation	67	specific	noun.state	5	the condition of being exposed to radiation
3025	lactosuria	73	obscure	noun.state	5	presence of lactose in the urine; can occur during pregnancy or lactation
3026	laxness	69	specific	noun.state	5	the condition of being physiologically lax
3027	leakiness	73	obscure	noun.state	5	the condition of permitting leaks or leakage
3028	lubrication	71	technical	noun.state	5	the condition of having been made smooth or slippery by the application of a lubricant
3029	malady	71	technical	noun.state	5	any unwholesome or desperate condition
3030	mechanization	67	specific	noun.state	5	the condition of having a highly technical implementation
3031	mode	69	specific	noun.state	5	a particular functioning condition or arrangement
3032	mummification	69	specific	noun.state	5	a condition resembling that of a mummy
3033	mutism	68	specific	noun.state	5	the condition of being unable or unwilling to speak
3034	nakedness	56	common	noun.state	5	the state of being without clothing or covering of any kind
3035	niche	70	technical	noun.state	5	(ecology) the status of an organism within its environment and community (affecting its survival as a species)
3036	noise conditions	76	obscure	noun.state	5	the condition of being noisy (as in a communication channel)
3037	nomination	71	technical	noun.state	5	the condition of having been proposed as a suitable candidate for appointment or election
3038	participation	69	specific	noun.state	5	the condition of sharing in common with others (as fellows or partners etc.)
3039	physical condition	43	common	noun.state	5	the condition or state of the body or bodily functions
3040	polarization	69	specific	noun.state	5	the condition of having or giving polarity
3041	prepossession	71	technical	noun.state	5	the condition of being prepossessed
3042	prognathism	73	obscure	noun.state	5	the condition of being prognathous; the condition of having a projecting jaw
3043	protuberance	73	obscure	noun.state	5	the condition of being protuberant; the condition of bulging out
3044	psychological state	46	common	noun.state	5	(psychology) a mental condition in which the qualities of a state are relatively constant even though the state itself may be dynamic
3045	purity	55	common	noun.state	5	the state of being unsullied by sin or moral wrong; lacking a knowledge of evil
3046	regularization	67	specific	noun.state	5	the condition of having been made regular (or more regular)
3047	reinstatement	71	technical	noun.state	5	the condition of being reinstated
3048	repair	71	technical	noun.state	5	a formal way of referring to the condition of something
3049	rustication	68	specific	noun.state	5	the condition naturally attaching to life in the country
3050	rustiness	71	technical	noun.state	5	the condition of being coated or clogged with rust
3051	safety	59	common	noun.state	5	the state of being certain that adverse effects will not be caused by some agent under defined conditions
3052	sanitary condition	66	ordinary	noun.state	5	the state of sanitation (clean or dirty)
3053	saturation	69	specific	noun.state	5	a condition in which a quantity no longer responds to some external influence
3054	scandalization	67	specific	noun.state	5	the condition of being shocked (as by improper behavior)
3055	serration	69	specific	noun.state	5	the condition of being serrated
3056	ski conditions	76	obscure	noun.state	5	the amount and state of snow for skiing
3057	snowiness	73	obscure	noun.state	5	The property or condition of being marked by or covered with snow.
3058	soundness	66	ordinary	noun.state	5	a state or condition free from damage or decay
3059	standardization	66	ordinary	noun.state	5	the condition in which a standard has been successfully established
3060	subservience	69	specific	noun.state	5	the condition of being something that is useful in reaching an end or carrying out a plan
3061	susceptibility	59	common	noun.state	5	the state of being susceptible; easily affected
3062	tension	51	common	noun.state	5	the physical condition of being stretched or strained
3063	tilth	71	technical	noun.state	5	the state of aggregation of soil and its condition for supporting plant growth
3064	unsusceptibility	63	ordinary	noun.state	5	the state of not being susceptible
3065	urbanization	67	specific	noun.state	5	the condition of being urbanized
3066	vacuolization	66	ordinary	noun.state	5	the state of having become filled with vacuoles
3067	virginity	73	obscure	noun.state	5	the condition or quality of being a virgin
3068	way	71	technical	noun.state	5	the condition of things generally
3069	wetness	65	ordinary	noun.state	5	the condition of containing or being covered by a liquid (especially water)
3070	wickedness	60	common	noun.state	5	absence of moral or spiritual values
3071	clash	67	specific	noun.state	5	a state of conflict between persons
3072	disagreement	59	common	noun.state	5	a conflict of people's opinions or actions or characters
3073	fire and brimstone	78	obscure	noun.state	5	(Old Testament) God's means of destroying sinners
3074	neonatal death	76	obscure	noun.state	5	death of a liveborn infant within the first 28 days of life
3075	rest	60	common	noun.state	5	euphemisms for death (based on an analogy between lying in a bed and in a tomb)
3076	sudden infant death syndrome	64	ordinary	noun.state	5	sudden and unexpected death of an apparently healthy infant during sleep
3077	acme	56	common	noun.state	5	the highest level or degree attainable; the highest stage of development
3078	climax	74	obscure	noun.state	5	the most severe stage of a disease
3079	ladder	71	technical	noun.state	5	ascending stages by which somebody or something can progress
3080	resultant	66	ordinary	noun.state	5	the final point in a process
3081	standard of living	69	specific	noun.state	5	a level of material comfort in terms of goods and services available to someone or some group
3082	state of the art	78	obscure	noun.state	5	the highest degree of development of an art or technique at a particular time
3083	terminality	73	obscure	noun.state	5	The quality or state of being fatal, of resulting in death.
3084	ultimacy	66	ordinary	noun.state	5	the state or degree of being ultimate; the final or most extreme in degree or size or time or distance
3085	contingency	73	obscure	noun.state	5	the state of being contingent on something
3086	reliance	73	obscure	noun.state	5	the state of relying on something
3087	subordination	68	specific	noun.state	5	the state of being subordinate to something
3088	anarchy	67	specific	noun.state	5	a state of lawlessness and disorder (usually resulting from a failure of government)
3089	confusion	61	ordinary	noun.state	5	disorder resulting from a failure to behave predictably
3090	discord	65	ordinary	noun.state	5	lack of agreement or harmony
3091	disturbance	49	common	noun.state	5	a disorderly outburst or tumult
3092	instability	68	specific	noun.state	5	an unstable order
3093	rioting	70	technical	noun.state	5	a state of disorder involving group violence
3094	rowdiness	63	ordinary	noun.state	5	rowdy behavior
3095	turbulence	60	common	noun.state	5	a state of violent disturbance and disorder (as in politics or social conditions generally)
3096	pseudobulb	73	obscure	noun.plant	5	a solid bulblike enlargement of the stem of some orchids
3097	swelling	52	common	noun.state	5	an abnormal protuberance or localized enlargement
3098	affect	73	obscure	noun.feeling	5	the conscious subjective aspect of feeling or emotion
3099	affection	54	common	noun.feeling	5	a positive feeling of liking
3100	agitation	63	ordinary	noun.feeling	5	the feeling of being agitated; not calm
3101	ambivalence	68	specific	noun.feeling	5	mixed feelings or emotions
3102	apathy	67	specific	noun.feeling	5	an absence of emotion or enthusiasm
3103	astonishment	64	ordinary	noun.feeling	5	the feeling that accompanies something extremely surprising
3104	calmness	67	specific	noun.feeling	5	a feeling of calm; an absence of agitation or excitement
3105	complex	67	specific	noun.feeling	5	(psychoanalysis) a combination of emotions and impulses that have been rejected from awareness but still influence a person's behavior
3106	desire	56	common	noun.feeling	5	the feeling that accompanies an unsatisfied state
3107	devastation	70	technical	noun.feeling	5	the feeling of being confounded or overwhelmed
3108	disinterest	73	obscure	noun.cognition	5	lack of interest
3109	dislike	63	ordinary	noun.feeling	5	a feeling of aversion or antipathy
3110	emotion	57	common	noun.feeling	5	any strong feeling
3111	enthusiasm	62	ordinary	noun.feeling	5	a feeling of excitement
3112	expectation	68	specific	noun.feeling	5	the feeling that something is about to happen
3113	fearlessness	64	ordinary	noun.feeling	5	feeling no fear
3114	glow	72	technical	noun.feeling	5	a feeling of considerable warmth
3115	gratitude	71	technical	noun.feeling	5	a feeling of thankfulness and appreciation
3116	gravity	68	specific	noun.feeling	5	a solemn and dignified feeling
3117	happiness	62	ordinary	noun.feeling	5	emotions experienced when in a state of well-being
3118	hope	64	ordinary	noun.feeling	5	the general feeling that some desire will be fulfilled
3119	ingratitude	70	technical	noun.feeling	5	a lack of gratitude
3120	levity	69	specific	noun.feeling	5	feeling an inappropriate lack of seriousness
3121	liking	63	ordinary	noun.feeling	5	a feeling of pleasure and enjoyment
3122	pain	58	common	noun.feeling	5	emotional distress; a fundamental feeling that people try to avoid
3123	pang	60	common	noun.feeling	5	a sudden sharp feeling
3124	passion	57	common	noun.feeling	5	a strong feeling or emotion
3125	pleasure	54	common	noun.feeling	5	a fundamental feeling that is hard to define but that people desire to experience
3126	sadness	54	common	noun.feeling	5	emotions experienced when not in a state of well-being
3127	sentiment	66	ordinary	noun.feeling	5	tender, romantic, or nostalgic feeling or emotion
3128	sex	69	specific	noun.feeling	5	all of the feelings resulting from the urge to gratify sexual impulses
3129	shame	62	ordinary	noun.feeling	5	a painful emotion resulting from an awareness of inadequacy or guilt
3130	soul	68	specific	noun.feeling	5	deep feeling or emotion
3131	temper	52	common	noun.feeling	5	a characteristic (habitual or relatively temporary) state of feeling
3132	unconcern	67	specific	noun.feeling	5	a feeling of lack of concern
3133	academic freedom	76	obscure	noun.state	5	the freedom of teachers and students to express their ideas in school without religious or political or institutional restrictions
3134	civil liberty	70	technical	noun.state	5	one's freedom to exercise one's rights as guaranteed under the laws of the country
3135	enfranchisement	69	specific	noun.state	5	freedom from political subjugation or servitude
3136	free hand	72	technical	noun.state	5	freedom to do as you see fit
3137	free rein	72	technical	noun.state	5	the removal of constraints
3138	freedom of the seas	78	obscure	noun.state	5	the right of merchant ships to travel freely in international waters
3139	independence	60	common	noun.state	5	freedom from control or influence of another or others
3140	liberty	62	ordinary	noun.state	5	freedom of choice
3141	svoboda	73	obscure	noun.state	5	(Russia) freedom
3142	cold war	76	obscure	noun.state	5	a state of political hostility between countries using means short of armed warfare
3143	latent hostility	72	technical	noun.state	5	feelings of hostility that are not manifest
3144	suspicion	70	technical	noun.state	5	the state of being suspected
3145	war	64	ordinary	noun.state	5	a legal state created by a declaration of war and ended by official declaration during which the international rules of war apply
3146	dark	55	common	noun.state	5	absence of light or illumination
3147	adolescence	73	obscure	noun.state	5	in the state that someone is in between puberty and adulthood
3148	callowness	64	ordinary	noun.state	5	lacking and evidencing lack of experience of life
3149	childhood	69	specific	noun.state	5	the state of a child between infancy and adolescence
3150	greenness	71	technical	noun.state	5	the state of not being ripe
3151	infancy	69	specific	noun.state	5	the earliest state of immaturity
3152	prematureness	70	technical	noun.state	5	the state of being premature
3153	defect	55	common	noun.state	5	an imperfection in a bodily system
3154	defectiveness	64	ordinary	noun.state	5	the state of being defective
3155	failing	61	ordinary	noun.state	5	a flaw or weak point
3156	flaw	73	obscure	noun.state	5	an imperfection in a plan or theory or legal document that causes it to fail or that reduces its effectiveness
3157	wart	71	technical	noun.state	5	an imperfection in someone or something that is suggestive of a wart (especially in smallness or unattractiveness)
3158	abeyance	64	ordinary	noun.state	5	temporary cessation or suspension
3159	anergy	73	obscure	noun.state	5	inactivity and lack of energy
3160	arrest	55	common	noun.state	5	the state of inactivity following an interruption
3161	calcification	73	obscure	noun.state	5	an inflexible and unchanging state
3162	deep freeze	76	obscure	noun.state	5	temporary inactivity or suspension
3163	desuetude	73	obscure	noun.state	5	a state of inactivity or disuse
3164	dormancy	59	common	noun.state	5	a state of quiet (but possibly temporary) inaction
3165	holding pattern	73	obscure	noun.state	5	a state of inaction with no progress and no change
3166	stagnation	62	ordinary	noun.state	5	a state of inactivity (in business or art etc.)
3167	stasis	73	obscure	noun.state	5	inactivity resulting from a static balance between opposing forces
3168	incompleteness	65	ordinary	noun.state	5	the state of being crude and incomplete and imperfect
3169	unitariness	73	obscure	noun.state	5	The quality or state of pertaining to a unit, having the quality of oneness.
3170	adulthood	68	specific	noun.state	5	the state (and responsibilities) of a person who has attained maturity
3171	post-maturity	72	technical	noun.state	5	the state in which women have stopped ovulating
3172	ripeness	73	obscure	noun.state	5	the state of being ripe
3173	youth	73	obscure	noun.state	5	early maturity; the state of being young or immature or inexperienced
3174	sale	74	obscure	noun.state	5	the state of being purchasable; offered or exhibited for selling
3175	perpetual motion	76	obscure	noun.state	5	motion that continues indefinitely without any external source of energy; impossible in practice because of friction
3176	precession	71	technical	noun.state	5	the motion of a spinning body (as a top) in which it wobbles so that the axis of rotation sweeps out a cone
3177	relative motion	76	obscure	noun.state	5	motion as observed from or referred to some material system constituting a frame of reference (as two adjacent walls and floor of a room).
3178	shaking	54	common	noun.state	5	a shaky motion
3179	stationariness	64	ordinary	noun.state	5	remaining in place
3180	nonexistence	61	ordinary	noun.state	5	the state of not existing
3181	debt of gratitude	78	obscure	noun.state	5	a state of indebtedness to someone who has done you a favor.
3182	indebtedness	58	common	noun.state	5	an obligation to pay money to another party
3183	executive clemency	76	obscure	noun.state	5	the power (usually of a president or governor) to pardon or commute the sentence of someone convicted in that jurisdiction
3184	war power	76	obscure	noun.state	5	an extraordinary power exercised (usually by the executive branch) in the prosecution of a war and involving an extension of the powers that the government normally has in peacetime
3185	God's will	76	obscure	noun.state	5	the omnipotence of a divine being
3186	God's Wisdom	76	obscure	noun.state	5	the omniscience of a divine being
3187	civil order	72	technical	noun.state	5	the form of government of a social organization
3188	peace	61	ordinary	noun.state	5	the state prevailing during the absence of war
3189	rule of law	78	obscure	noun.state	5	a state of order in which events conform to the law
3190	stability	71	technical	noun.state	5	a stable order (especially of society)
3191	tranquillity	62	ordinary	noun.state	5	an untroubled state; free from disturbances
3192	couth	73	obscure	noun.state	5	(used facetiously) refinement
3193	dream	77	obscure	noun.state	5	someone or something wonderful
3194	fare-thee-well	78	obscure	noun.state	5	state of perfection; the utmost degree
3195	immaculacy	73	obscure	noun.state	5	The characteristic of having no stain or blemish; of being spotless, undefiled, clear, pure.
3196	intactness	73	obscure	noun.state	5	the state of being unimpaired
3197	polish	57	common	noun.state	5	a highly developed state of perfection; having a flawless or impeccable quality
3198	alert	61	ordinary	noun.state	5	condition of heightened watchfulness or preparation for action
3199	ready	73	obscure	noun.state	5	poised for action
3200	anaclisis	73	obscure	noun.state	5	(psychoanalysis) relationship marked by strong dependence on others; especially a libidinal attachment to e.g. a parental figure
3201	love affair	70	technical	noun.state	5	a relationship between two lovers
3202	sexual relationship	74	obscure	noun.state	5	a relationship involving sexual intimacy
3203	account	57	common	noun.state	5	a formal contractual relationship established to provide for regular banking or brokerage or business services
3204	affiliation	60	common	noun.state	5	a social or business relationship
3205	friendship	64	ordinary	noun.state	5	the state of being friends (or friendly)
3206	membership	73	obscure	noun.state	5	the state of being a member
3207	subjugation	55	common	noun.state	5	forced submission to control by others
3208	free agency	75	obscure	noun.state	5	(sports) the state of a professional athlete who is free to negotiate a contract to play for any team
3209	legal representation	75	obscure	noun.state	5	personal representation that has legal status
3210	virus	71	technical	noun.state	5	a harmful or corrupting agency
3211	disassociation	71	technical	noun.state	5	the state of being unconnected in memory or imagination
3212	discontinuity	73	obscure	noun.state	5	lack of connection or continuity
3213	discreteness	63	ordinary	noun.state	5	the state of being several and distinct
3214	disjunction	56	common	noun.state	5	state of being disconnected
3215	isolation	59	common	noun.state	5	a state of separation between persons or groups
3216	absurd	70	technical	noun.state	5	a situation in which life seems irrational and meaningless
3217	acceptance	63	ordinary	noun.state	5	the state of being acceptable and accepted
3218	ballgame	67	specific	noun.state	5	a particular situation that is radically different from the preceding situation
3219	challenge	68	specific	noun.state	5	a demanding or stimulating situation
3220	childlessness	73	obscure	noun.state	5	the condition of being without offspring
3221	complication	70	technical	noun.state	5	a situation or condition that is complex or confused
3222	crowding	71	technical	noun.state	5	a situation in which people or things are crowded together
3223	disequilibrium	71	technical	noun.state	5	loss of equilibrium attributable to an unstable situation in which some forces outweigh others
3224	environment	60	common	noun.state	5	the totality of surrounding conditions
3225	equilibrium	60	common	noun.state	5	a stable situation in which forces cancel one another
3226	exclusion	65	ordinary	noun.state	5	the state of being excluded
3227	goldfish bowl	66	ordinary	noun.state	5	a state of affairs in which you have no privacy
3228	hotbed	71	technical	noun.state	5	a situation that is ideal for rapid development (especially of something bad)
3229	inclusion	65	ordinary	noun.state	5	the state of being included
3230	intestacy	73	obscure	noun.state	5	the situation of being or dying without a legally valid will
3231	picture	68	specific	noun.state	5	a situation treated as an observable object
3232	prison	69	specific	noun.state	5	a prisonlike situation; a place of seeming confinement
3233	square one	76	obscure	noun.state	5	the situation in which you begin an endeavor and to which you return if your efforts fail
3234	status quo	76	obscure	noun.state	5	the existing state of affairs
3235	adeptness	55	common	noun.cognition	5	skillful performance or ability without difficulty
3236	command	69	specific	noun.cognition	5	great skillfulness and knowledge of some subject or activity
3237	coordination	68	specific	noun.cognition	5	the skillful and effective interaction of movements
3238	efficiency	71	technical	noun.cognition	5	skillfulness in avoiding wasted time and effort
3239	expertness	66	ordinary	noun.cognition	5	skillfulness by virtue of possessing special knowledge
3240	fluency	71	technical	noun.cognition	5	skillfulness in speaking or writing
3241	handiness	71	technical	noun.cognition	5	skillfulness with the hands
3242	proficiency	66	ordinary	noun.cognition	5	skillfulness in the command of fundamentals deriving from practice and familiarity
3243	versatility	73	obscure	noun.cognition	5	having a wide variety of skills
3244	Holy Order	60	common	noun.state	5	(usually plural) the status or rank or office of a Christian clergyman in an ecclesiastical hierarchy
3245	bastardy	66	ordinary	noun.state	5	the status of being born to parents who were not married
3246	caste	68	specific	noun.state	5	social status or position conferred by a system based on class
3247	dignity	73	obscure	noun.state	5	high office or rank or station
3248	echelon	69	specific	noun.state	5	status in a society or organization
3249	election	72	technical	noun.state	5	the status or fact of being elected
3250	high ground	76	obscure	noun.state	5	a position of superiority over opponents or competitors
3251	high profile	76	obscure	noun.state	5	a position attracting much attention and publicity
3252	high status	67	specific	noun.state	5	a position of superior status
3253	leadership	72	technical	noun.state	5	the status of a leader
3254	left-handedness	73	obscure	noun.state	5	the status of being born of a morganatic marriage
3255	legal status	64	ordinary	noun.state	5	a status defined by law
3256	low status	61	ordinary	noun.state	5	a position of inferior status; low in station or rank or fortune or estimation
3257	nobility	68	specific	noun.state	5	the state of being of noble birth
3258	ordination	69	specific	noun.state	5	the status of being ordained to a sacred office
3259	pedestal	71	technical	noun.state	5	a position of great esteem (and supposed superiority)
3260	rank	56	common	noun.state	5	relative status
3261	retirement	69	specific	noun.state	5	the state of being retired from one's business or occupation
3262	social station	61	ordinary	noun.state	5	position in a social hierarchy
3263	standing	56	common	noun.state	5	social or financial or professional status or reputation
3264	toehold	69	specific	noun.state	5	a relatively insignificant position from which future progress might be made
3265	clutch	68	specific	noun.state	5	a tense critical situation
3266	depletion	71	technical	noun.state	5	the state of being depleted
3267	drunkenness	52	common	noun.state	5	a temporary state resulting from excessive consumption of alcohol
3268	emergency	71	technical	noun.state	5	a state in which martial law applies
3269	fatigue	54	common	noun.state	5	temporary loss of strength and energy resulting from hard physical or mental work
3270	sleepiness	64	ordinary	noun.state	5	a very sleepy state
3271	soberness	67	specific	noun.state	5	the state of being sober and not intoxicated by alcohol
3272	state of mind	69	specific	noun.state	5	a temporary psychological state
3273	wakefulness	68	specific	noun.state	5	a temporary state in which you are unable (or unwilling) to sleep
3274	coalition	64	ordinary	noun.state	5	the state of being combined into one body
3275	junction	54	common	noun.state	5	the state of being joined together
3276	marriage	74	obscure	noun.state	5	a close and intimate union
3277	syncretism	71	technical	noun.state	5	the union (or attempted fusion) of different systems of thought or belief (especially in religion or philosophy)
3278	coordinated universal time	70	technical	noun.time	5	Greenwich Mean Time updated with leap seconds
3279	circadian rhythm	76	obscure	noun.time	5	a daily cycle of activity observed in many living organisms
3280	climacteric	70	technical	noun.time	5	a period in a man's life corresponding to menopause
3281	gestation	64	ordinary	noun.time	5	the period during which an embryo develops (about 266 days in humans)
3282	menopause	66	ordinary	noun.time	5	the time in a woman's life in which the menstrual cycle ends
3283	refractory period	75	obscure	noun.time	5	(neurology) the time after a neuron fires or a muscle fiber contracts during which a stimulus will not evoke a response
3284	Alaska Standard Time	75	obscure	noun.time	5	standard time in the 9th time zone west of Greenwich, reckoned at the 135th meridian west; used in Hawaii and most of Alaska
3285	Atlantic Time	72	technical	noun.time	5	standard time in the 4th time zone west of Greenwich, reckoned at the 60th meridian; used in Puerto Rico and the Virgin Islands and Bermuda and the Canadian Maritime Provinces
3286	Bering Time	72	technical	noun.time	5	standard time in the 11th time zone west of Greenwich, reckoned at the 165th meridian west; used in the Midway Islands
3287	Central Time	69	specific	noun.time	5	standard time in the 6th time zone west of Greenwich, reckoned at the 90th meridian; used in the central United States
3288	Eastern Time	69	specific	noun.time	5	standard time in the 5th time zone west of Greenwich, reckoned at the 75th meridian; used in the eastern United States
3289	Hawaii Time	72	technical	noun.time	5	standard time in the 10th time zone west of Greenwich, reckoned at the 150th meridian west; used in Hawaii and the western Aleutian Islands
3290	Mountain Time	69	specific	noun.time	5	standard time in the 7th time zone west of Greenwich, reckoned at the 105th meridian west; used in the mountain states of the United States
3291	Pacific Time	69	specific	noun.time	5	standard time in the 8th time zone west of Greenwich, reckoned at the 120th meridian west; used in far western states of the United States
3292	equinox	66	ordinary	noun.time	5	either of two times of the year when the sun crosses the plane of the earth's equator and day and night are of equal length
3293	sidereal time	70	technical	noun.time	5	measured by the diurnal motion of stars
3294	solstice	70	technical	noun.time	5	either of the two times of the year when the sun is at its greatest distance from the celestial equator
3295	alpha and omega	76	obscure	noun.time	5	the first and last; signifies God's eternity
3296	by-and-by	78	obscure	noun.time	5	an indefinite time in the future
3297	kingdom come	75	obscure	noun.time	5	the end of time
3298	manana	73	obscure	noun.time	5	an unspecified time in the future
3299	tomorrow	73	obscure	noun.time	5	the near future
3300	eon	65	ordinary	noun.time	5	the longest division of geological time
3301	epoch	73	obscure	noun.time	5	a unit of geological time that is a subdivision of a period and is itself divided into ages
3302	era	68	specific	noun.time	5	a major division of geological time; an era is usually divided into two or more periods
3303	common time	65	ordinary	noun.time	5	a time signature indicating four beats to the bar
3304	duple time	76	obscure	noun.time	5	musical time with two beats in each bar
3305	in time	76	obscure	noun.time	5	in the correct rhythm
3306	rhythm	53	common	noun.communication	5	the basic rhythmic unit in a piece of music
3307	tempo	59	common	noun.time	5	(music) the speed at which a composition is to be played
3308	triple time	76	obscure	noun.time	5	musical time with three beats in each bar
3309	auld langsyne	62	ordinary	noun.time	5	past times remembered with nostalgia
3310	bygone	70	technical	noun.time	5	past events to be put aside
3311	old	73	obscure	noun.time	5	past times
3312	time immemorial	72	technical	noun.time	5	the distant past beyond memory
3313	yesterday	73	obscure	noun.time	5	the recent past
3314	yore	73	obscure	noun.time	5	time long past
3315	date	72	technical	noun.time	5	the present
3316	here and now	71	technical	noun.time	5	at this time
3317	now	73	obscure	noun.time	5	the momentary present
3318	time being	72	technical	noun.time	5	the present occasion
3319	today	71	technical	noun.time	5	the present time or age
3320	tonight	73	obscure	noun.time	5	the present or immediately coming night
3321	dynamism	59	common	noun.attribute	5	the activeness of an energetic personality
3322	alertness	66	ordinary	noun.attribute	5	lively attentiveness
3323	carefulness	66	ordinary	noun.attribute	5	the quality of being careful and painstaking
3324	caution	61	ordinary	noun.attribute	5	the trait of being cautious; being attentive to possible danger
3325	mindfulness	70	technical	noun.attribute	5	the trait of staying aware of (paying close attention to) your responsibilities
3326	unmindfulness	63	ordinary	noun.attribute	5	the trait of forgetting or ignoring your responsibilities
3327	watchfulness	66	ordinary	noun.attribute	5	vigilant attentiveness
3328	fastidiousness	71	technical	noun.attribute	5	the trait of being meticulous about matters of taste or style
3329	tidiness	69	specific	noun.attribute	5	the trait of being neat and orderly
3330	effusiveness	66	ordinary	noun.attribute	5	a friendly open trait of a talkative person
3331	frankness	67	specific	noun.attribute	5	the trait of being blunt and outspoken
3332	garrulity	57	common	noun.attribute	5	the quality of being wordy and talkative
3333	obsessiveness	70	technical	noun.attribute	5	extreme compulsiveness
3334	workaholism	73	obscure	noun.attribute	5	compulsiveness about working
3335	boastfulness	70	technical	noun.attribute	5	outspoken conceit
3336	egotism	62	ordinary	noun.attribute	5	an exaggerated opinion of your own importance
3337	posturing	73	obscure	noun.attribute	5	adopting a vain conceited posture
3338	self-love	68	specific	noun.attribute	5	an exceptional interest in and admiration for yourself
3339	citizenship	73	obscure	noun.attribute	5	conduct as a citizen
3340	manners	73	obscure	noun.attribute	5	social deportment
3341	propriety	57	common	noun.attribute	5	correct or appropriate behavior
3342	swashbuckling	73	obscure	noun.attribute	5	flamboyantly reckless and boastful behavior
3343	restraint	58	common	noun.attribute	5	discipline in personal and social activities
3344	self-discipline	64	ordinary	noun.attribute	5	the trait of practicing self discipline
3345	aggressiveness	62	ordinary	noun.attribute	5	the quality of being bold and enterprising
3346	ambition	66	ordinary	noun.attribute	5	a strong drive for success
3347	energy	60	common	noun.attribute	5	enterprising or ambitious drive
3348	enterprise	63	ordinary	noun.attribute	5	readiness to embark on bold new ventures
3349	affectionateness	59	common	noun.attribute	5	a quality proceeding from feelings of affection or love
3350	demonstrativeness	73	obscure	noun.attribute	5	tending to express your feelings freely
3351	drama	74	obscure	noun.attribute	5	the quality of being arresting or highly emotional
3352	excitability	64	ordinary	noun.attribute	5	being easily excited
3353	heat	63	ordinary	noun.attribute	5	the trait of being intensely emotional
3354	mawkishness	54	common	noun.attribute	5	falsely emotional in a maudlin way
3355	temperament	71	technical	noun.attribute	5	excessive emotionalism or irritability and excitability (especially when displayed openly)
3356	girlishness	73	obscure	noun.attribute	5	being characteristic of a girl
3357	ladylikeness	73	obscure	noun.attribute	5	behavior befitting a lady
3358	maidenliness	73	obscure	noun.attribute	5	behavior befitting a young maiden
3359	womanliness	70	technical	noun.attribute	5	the trait of being womanly; having the characteristics of an adult female
3360	absurdity	62	ordinary	noun.attribute	5	a ludicrous folly
3361	asininity	73	obscure	noun.attribute	5	the quality of being asinine; stupidity combined with stubbornness
3362	indiscretion	67	specific	noun.attribute	5	the trait of being injudicious
3363	giddiness	65	ordinary	noun.attribute	5	an impulsive scatterbrained manner
3364	playfulness	62	ordinary	noun.attribute	5	a disposition to find (or make) causes for amusement
3365	beseechingness	73	obscure	noun.attribute	5	The state or quality of one who begs or implores.
3366	meekness	67	specific	noun.attribute	5	a disposition to be patient and long suffering
3367	indolence	66	ordinary	noun.attribute	5	inactivity resulting from a dislike of work
3368	languor	60	common	noun.attribute	5	inactivity; showing an unusual lack of energy
3369	passivity	64	ordinary	noun.attribute	5	the trait of remaining inactive; a lack of initiative
3370	restfulness	73	obscure	noun.attribute	5	the attribute of being restful
3371	carelessness	59	common	noun.attribute	5	the quality of not being careful or taking pains
3372	dissoluteness	63	ordinary	noun.attribute	5	indiscipline with regard to sensuous pleasures
3373	indulgence	62	ordinary	noun.attribute	5	an inability to resist the gratification of whims and desires
3374	unrestraint	66	ordinary	noun.attribute	5	the quality of lacking restraint
3375	characteristicness	73	obscure	noun.attribute	5	The quality or state of being a distinguishing feature of a person or thing.
3376	peculiarity	55	common	noun.attribute	5	a distinguishing trait
3377	singularity	67	specific	noun.attribute	5	the quality of being one of a kind
3378	balkiness	73	obscure	noun.attribute	5	likely to stop abruptly and unexpectedly
3379	defiance	62	ordinary	noun.attribute	5	intentionally contemptuous behavior or attitude
3380	disobedience	69	specific	noun.attribute	5	the trait of being unwilling to obey
3381	refractoriness	63	ordinary	noun.attribute	5	the trait of being unmanageable
3382	restiveness	73	obscure	noun.attribute	5	The characteristic of being resistant of control, stubborn.
3383	stubbornness	58	common	noun.attribute	5	the trait of being difficult to handle or overcome
3384	unruliness	58	common	noun.attribute	5	the trait of being prone to disobedience and lack of discipline
3385	wildness	74	obscure	noun.attribute	5	an intractably barbarous or uncultivated state of nature
3386	indecisiveness	69	specific	noun.attribute	5	the trait of irresolution; a lack of firmness of character or purpose
3387	inquisitiveness	73	obscure	noun.attribute	5	The quality of being curious and interested.
3388	levelheadedness	73	obscure	noun.attribute	5	the property of having or showing sound judgment.
3389	objectivity	68	specific	noun.attribute	5	judgment based on observable phenomena and uninfluenced by emotions or personal prejudices
3390	subjectivity	70	technical	noun.attribute	5	judgment based on individual personal impressions and feelings and opinions rather than external facts
3391	boyishness	73	obscure	noun.attribute	5	being characteristic of a boy
3392	hoydenism	70	technical	noun.attribute	5	masculinity in women (especially in girls and young women)
3393	machismo	73	obscure	noun.attribute	5	exaggerated masculinity
3394	manfulness	66	ordinary	noun.attribute	5	the trait of being manly; having the characteristics of an adult male
3395	animality	70	technical	noun.attribute	5	the physical (or animal) side of a person as opposed to the spirit or intellect
3396	sociality	66	ordinary	noun.attribute	5	the tendency to associate with others and to form social groups
3397	adamance	66	ordinary	noun.attribute	5	resoluteness by virtue of being unyielding and inflexible
3398	decisiveness	67	specific	noun.attribute	5	the trait of resoluteness as evidenced by firmness of character or purpose
3399	determination	58	common	noun.attribute	5	the quality of being determined to do or achieve something; firmness of purpose
3400	self-control	57	common	noun.attribute	5	the trait of resolutely controlling your own behavior
3401	single-mindedness	76	obscure	noun.attribute	5	characterized by one unified purpose
3402	steadfastness	73	obscure	noun.attribute	5	steadfast resolution
3403	stiffness	72	technical	noun.attribute	5	firm resoluteness in purpose or opinion or action
3404	committedness	68	specific	noun.attribute	5	the trait of sincere and steadfast fixity of purpose
3405	graveness	57	common	noun.attribute	5	a manner that is serious and solemn
3406	sedateness	63	ordinary	noun.attribute	5	a trait of dignified seriousness
3407	illiberality	73	obscure	noun.attribute	5	a disposition not to be liberal (generous) with money
3408	meanness	55	common	noun.attribute	5	extreme stinginess
3409	penuriousness	73	obscure	noun.attribute	5	a disposition to be niggardly with money
3410	selfishness	70	technical	noun.attribute	5	stinginess resulting from a concern for your own welfare and a disregard of others
3411	deliberation	70	technical	noun.attribute	5	the trait of thoughtfulness in action or decision
3412	introspectiveness	73	obscure	noun.attribute	5	thoughtfulness about your own situation and feelings
3413	pensiveness	66	ordinary	noun.attribute	5	deep serious thoughtfulness
3414	reflectiveness	68	specific	noun.attribute	5	the capability of quiet thought or contemplation
3415	amenability	66	ordinary	noun.attribute	5	the trait of being cooperative
3416	docility	73	obscure	noun.attribute	5	the trait of being agreeably submissive and manageable
3417	manageability	70	technical	noun.attribute	5	the capability of being managed or controlled
3418	obedience	65	ordinary	noun.attribute	5	the trait of being willing to obey
3419	tameness	69	specific	noun.attribute	5	the attribute of having been domesticated
3420	credulity	71	technical	noun.attribute	5	tendency to believe readily
3421	creditworthiness	73	obscure	noun.attribute	5	trustworthiness with money as based on a person's credit history; a general qualification for borrowing
3422	responsibility	62	ordinary	noun.attribute	5	a form of trustworthiness; the trait of being answerable to someone for something or being responsible for one's conduct
3423	slovenliness	71	technical	noun.attribute	5	habitual uncleanliness
3424	untidiness	67	specific	noun.attribute	5	the trait of being untidy and messy
3425	muteness	69	specific	noun.attribute	5	a refusal to speak when expected
3426	secrecy	60	common	noun.attribute	5	the trait of keeping things secret
3427	blandness	69	specific	noun.attribute	5	the trait of exhibiting no personal embarrassment or concern
3428	coldness	54	common	noun.attribute	5	a lack of affection or enthusiasm
3429	dispassion	66	ordinary	noun.attribute	5	objectivity and detachment
3430	stoicism	66	ordinary	noun.attribute	5	an indifference to pleasure or pain
3431	impulsiveness	70	technical	noun.attribute	5	the trait of acting suddenly on impulse without reflection
3432	recklessness	62	ordinary	noun.attribute	5	the trait of giving little thought to danger
3433	irresponsibility	62	ordinary	noun.attribute	5	a form of untrustworthiness; the trait of lacking a sense of responsibility and not feeling accountable for your actions
3434	discretion	64	ordinary	noun.attribute	5	the trait of judging wisely and objectively
3435	judiciousness	66	ordinary	noun.attribute	5	the trait of forming opinions by distinguishing and evaluating
3436	knowledgeability	66	ordinary	noun.attribute	5	wisdom as evidenced by the possession of knowledge
3437	statesmanship	66	ordinary	noun.attribute	5	wisdom in the management of public affairs
3438	Bach	73	obscure	noun.communication	5	the music of Bach
3439	Beethoven	73	obscure	noun.communication	5	the music of Beethoven
3440	Brahms	73	obscure	noun.communication	5	the music of Brahms
3441	Chopin	73	obscure	noun.communication	5	the music of Chopin
3442	Gilbert and Sullivan	78	obscure	noun.communication	5	the music of Gilbert and Sullivan
3443	Handel	73	obscure	noun.communication	5	the music of Handel
3444	Haydn	73	obscure	noun.communication	5	the music of Haydn
3445	Mozart	73	obscure	noun.communication	5	the music of Mozart
3446	Stravinsky	73	obscure	noun.communication	5	the music of Stravinsky
3447	Ta'ziyeh	73	obscure	noun.communication	5	(Islam) a form of Iranian musical pageant that is the theatrical expression of religious passion; based on the Battle of Kerbala and performed annually (in Farsi)
3448	Wagner	73	obscure	noun.communication	5	the music of Wagner
3449	absolute music	76	obscure	noun.communication	5	instrumental music, as a concerto or string quartet, that draws no inspiration from or makes no reference to a text, program, visual image, or title and that exists solely in terms of its musical form, structure, and elements.
3450	antiphony	71	technical	noun.communication	5	alternate (responsive) singing by a choir in two parts
3451	ballet	73	obscure	noun.communication	5	music written for a ballet
3452	dance music	64	ordinary	noun.communication	5	music to dance to
3453	instrumental music	73	obscure	noun.communication	5	music intended to be performed by a musical instrument or group of instruments
3454	monophony	66	ordinary	noun.communication	5	music consisting of a single vocal part (usually with accompaniment)
3455	music genre	52	common	noun.communication	5	an expressive style of music
3456	musical composition	45	common	noun.communication	5	a musical work that has been created
3457	musique concrete	76	obscure	noun.communication	5	tape-recorded musical and natural sounds, often electronically distorted, arranged in planned combinations, sequences, and rhythmic patterns to create an artistic work.
3458	overture	69	specific	noun.communication	5	orchestral music played at the beginning of an opera or oratorio
3459	part music	74	obscure	noun.communication	5	vocal music for several voices in independent parts (usually performed without accompaniment)
3460	pizzicato	73	obscure	noun.communication	5	a note or passage that is played pizzicato
3461	polyphony	63	ordinary	noun.communication	5	music arranged in parts for several voices or instruments
3462	polytonality	70	technical	noun.communication	5	music that uses two or more different keys at the same time
3463	popularism	73	obscure	noun.communication	5	music adapted to the understanding and taste of the majority
3464	prelude	71	technical	noun.communication	5	music that precedes a fugue or introduces an act in an opera
3465	refrain	67	specific	noun.communication	5	the part of a song where a soloist is joined by a group of singers
3466	rhapsody	71	technical	noun.communication	5	(music) a free instrumental composition in one extended movement; typically emotional or exuberant in character
3467	serialism	68	specific	noun.communication	5	20th century music that uses a definite order of notes as a thematic basis for a musical composition
3468	syncopation	73	obscure	noun.communication	5	music (especially dance music) that has a syncopated rhythm
3469	tune	43	common	noun.communication	5	a succession of notes forming a distinctive sequence
3470	vocal music	70	technical	noun.communication	5	music intended to be performed by one or more singers, usually with instrumental accompaniment
3471	conversation	62	ordinary	noun.communication	5	the use of speech for informal exchange of views or ideas or information etc.
3472	dictation	71	technical	noun.communication	5	speech intended for reproduction in writing
3473	discussion	53	common	noun.communication	5	an exchange of views on some topic
3474	idiolect	73	obscure	noun.communication	5	the language or speech of one individual at a particular period in life
3475	monologue	71	technical	noun.communication	5	a long utterance by one person (especially one that prevents others from participating in the conversation)
3476	non-standard speech	69	specific	noun.communication	5	speech that differs from the usual accepted, easily recognizable speech of native adult members of a speech community
3477	pronunciation	67	specific	noun.communication	5	the way a word or a language is customarily spoken
3478	saying	54	common	noun.communication	5	a word or phrase that particular people use in particular situations
3479	soliloquy	67	specific	noun.communication	5	speech you make to yourself
3480	spell	58	common	noun.communication	5	a verbal formula believed to have magical force
3481	croak	70	technical	noun.communication	5	a harsh hoarse utterance (as of a frog)
3482	cry	44	common	noun.communication	5	a loud utterance; often in protest or opposition
3483	exclamation	61	ordinary	noun.communication	5	an abrupt excited utterance
3484	expletive	73	obscure	noun.communication	5	a word or phrase conveying no independent meaning but added to fill out a sentence or metrical line
3485	exultation	66	ordinary	noun.communication	5	the utterance of sounds expressing great joy
3486	groan	70	technical	noun.communication	5	an utterance expressing pain or disapproval
3487	growling	71	technical	noun.communication	5	a gruff or angry utterance (suggestive of the growling of an animal)
3488	hem	69	specific	noun.communication	5	the utterance of a sound similar to clearing the throat; intended to get attention, express hesitancy, fill a pause, hide embarrassment, warn a friend, etc.
3489	howl	62	ordinary	noun.communication	5	a long loud emotional utterance
3490	laugh	58	common	noun.communication	5	the sound of laughing
3491	mumble	73	obscure	noun.communication	5	a soft indistinct utterance
3492	paging	71	technical	noun.communication	5	calling out the name of a person (especially by a loudspeaker system)
3493	profanity	67	specific	noun.communication	5	vulgar or irreverent speech or action
3494	rasp	67	specific	noun.communication	5	uttering in an irritated tone
3495	roll call	71	technical	noun.act	5	calling out an official list of names
3496	sigh	67	specific	noun.communication	5	an utterance made by exhaling audibly
3497	snarl	69	specific	noun.communication	5	a vicious angry growl
3498	speaking	62	ordinary	noun.communication	5	the utterance of intelligible speech
3499	sputter	69	specific	noun.communication	5	an utterance (of words) with spitting sounds (as in rage)
3500	bravado	70	technical	noun.communication	5	a swaggering show of courage
3501	exhibitionism	71	technical	noun.communication	5	extravagant and conspicuous behavior intended to attract attention to yourself
3502	pedantry	73	obscure	noun.communication	5	an ostentatious and inappropriate display of learning
3503	ritz	73	obscure	noun.communication	5	ostentatious display of elegance
3504	splurge	71	technical	noun.communication	5	an ostentatious display (of effort or extravagance etc.)
3505	unveiling	71	technical	noun.communication	5	putting on display for the first time
3506	preview	69	specific	noun.communication	5	a screening for a select audience in advance of release for the general public
3507	spectacle	69	specific	noun.communication	5	something or someone seen (especially a notable or unusual sight)
3508	bond	54	common	noun.possession	5	a certificate of debt (usually interest-bearing or discounted) that is issued by a government or corporation in order to raise money; the issuer is required to pay a fixed sum annually until maturity and then a fixed sum to repay the principal
3509	cash equivalent	74	obscure	noun.possession	5	a highly liquid debt instrument with maturities of less than three months
3510	certificate of deposit	73	obscure	noun.possession	5	a debt instrument issued by a bank; usually pays interest
3511	commercial letter of credit	78	obscure	noun.possession	5	a letter of credit given to a business concern for commercial purposes
3512	traveler's letter of credit	73	obscure	noun.possession	5	a letter of credit given to a traveler
3513	balance sheet	76	obscure	noun.possession	5	a record of the financial situation of an institution on a particular date by listing its assets and the claims against those assets
3514	bankbook	70	technical	noun.possession	5	a record of deposits and withdrawals and interest held by depositors at certain banks
3515	checkbook	69	specific	noun.possession	5	a book issued to holders of checking accounts
3516	expense record	76	obscure	noun.possession	5	a written record of money spent
3517	ledger	51	common	noun.possession	5	a record in which commercial accounts are recorded
3518	payslip	73	obscure	noun.possession	5	a slip of paper included with your pay that records how much money you have earned and how much tax or insurance etc. has been taken out
3519	register	60	common	noun.possession	5	a book in which names and transactions are listed
3520	rhetorical device	60	common	noun.communication	5	a use of language that creates a literary effect (but often without regard for literal significance)
3521	Gongorism	73	obscure	noun.communication	5	an affected elegance of style that was introduced into Spanish literature by the poet Gongora
3522	Americanism	71	technical	noun.communication	5	an expression that is characteristic of English as spoken by Americans
3523	Anglicism	64	ordinary	noun.communication	5	an expression that is used in Great Britain (especially as contrasted with American English)
3524	archaism	70	technical	noun.communication	5	the use of an archaic expression
3525	boilerplate	70	technical	noun.communication	5	standard formulations uniformly found in certain types of legal documents or news stories
3526	colloquialism	73	obscure	noun.communication	5	a colloquial expression; characteristic of spoken or written communication that seeks to imitate informal speech
3527	honorific	73	obscure	noun.communication	5	an expression of respect
3528	hyperbolism	73	obscure	noun.communication	5	the use of hyperbole.
3529	parlance	70	technical	noun.communication	5	a manner of speaking that is natural to native speakers of a language
3530	sentimentalism	69	specific	noun.communication	5	the excessive expression of tender feelings, nostalgia, or sadness in any form
3531	wording	56	common	noun.communication	5	the manner in which something is expressed in words
3532	bombast	59	common	noun.communication	5	pompous or pretentious talk or writing
3533	flourish	72	technical	noun.communication	5	a display of ornamental speech or language
3534	Eurobabble	73	obscure	noun.communication	5	the jargon of European community documents and regulations
3535	doctorspeak	73	obscure	noun.communication	5	medical jargon
3536	ecobabble	73	obscure	noun.communication	5	using the technical language of ecology to make the user seem ecologically aware
3537	gobbledygook	73	obscure	noun.communication	5	incomprehensible or pompous jargon of specialists
3538	psychobabble	73	obscure	noun.communication	5	using language loaded with psychological terminology
3539	technobabble	73	obscure	noun.communication	5	technical jargon from computing and other high-tech subjects
3540	address	72	technical	noun.communication	5	the manner of speaking to another individual
3541	elocution	73	obscure	noun.communication	5	an expert manner of speaking involving control of voice and gesture
3542	modulation	70	technical	noun.communication	5	a manner of speaking in which the loudness or pitch or tone of the voice is modified
3543	prosody	57	common	noun.communication	5	the patterns of stress and intonation in a language
3544	shibboleth	73	obscure	noun.communication	5	a manner of speaking that is distinctive of a particular group of people
3545	tongue	70	technical	noun.communication	5	a manner of speaking
3546	Ciceronianism	73	obscure	noun.communication	5	imitation of or resemblance to the oratorical or literary style of Cicero especially as practiced or produced by the Ciceronians of the early Renaissance.
3547	brevity	71	technical	noun.communication	5	the use of brief expressions
3548	conciseness	63	ordinary	noun.communication	5	terseness and economy in writing and speaking achieved by expressing a great deal in just a few words
3549	crispness	71	technical	noun.communication	5	an expressive style that is direct and to the point
3550	laconism	70	technical	noun.communication	5	terseness of expression
3551	circumlocution	64	ordinary	noun.communication	5	a style that involves indirect ways of expressing things
3552	pleonasm	73	obscure	noun.communication	5	using more words than necessary
3553	prolixity	57	common	noun.communication	5	boring verbosity
3554	repetitiveness	66	ordinary	noun.communication	5	verboseness resulting from excessive repetitions
3555	verbiage	67	specific	noun.communication	5	overabundance of words
3556	satire	73	obscure	noun.communication	5	a genre of literature and performing arts, in which shortcomings are held up to ridicule, ideally with the intent of shaming others
3557	steampunk	73	obscure	noun.communication	5	A subgenre of speculative science fiction set in an anachronistic 19th century society.
3558	argument	53	common	noun.communication	5	a fact or assertion offered as evidence that something is true
3559	attestation	73	obscure	noun.communication	5	the evidence by which something is attested
3560	clue	62	ordinary	noun.communication	5	evidence that helps to solve a problem
3561	footprint evidence	76	obscure	noun.communication	5	evidence in the form of footprints
3562	smoking gun	76	obscure	noun.communication	5	indisputable evidence (especially of a crime)
3563	testimony	66	ordinary	noun.communication	5	something that serves as evidence
3564	beau geste	76	obscure	noun.act	5	a gracious (but usually meaningless) gesture
3565	cringe	73	obscure	noun.act	5	A posture or gesture of shrinking or recoiling.
3566	fingerprint	66	ordinary	noun.communication	5	a print made by an impression of the ridges in the skin of a finger; often used for biometric identification in criminal investigations
3567	footprint	60	common	noun.communication	5	a mark of a foot or shoe on a surface
3568	hoofprint	66	ordinary	noun.communication	5	a visible impression on a surface made by the hoof of an animal
3569	mintmark	73	obscure	noun.communication	5	a mark on a coin that identifies the mint where it was produced
3570	stroke	70	technical	noun.communication	5	a mark made on a surface by a pen, pencil, or paintbrush
3571	Antido	73	obscure	noun.communication	5	an artificial language related to Ido
3572	Arulo	73	obscure	noun.communication	5	an artificial language intended for international use as an auxiliary language
3573	Basic English	76	obscure	noun.communication	5	a simplified form of English proposed for use as an auxiliary language for international communication; devised by C. K. Ogden and I. A. Richards
3574	Blaia Zimondal	76	obscure	noun.communication	5	an artificial language proposed by Cesare Meriggi in 1884
3575	Esperantido	73	obscure	noun.communication	5	an artificial language based on Esperanto and Ido
3576	Esperanto	73	obscure	noun.communication	5	an artificial language based as far as possible on words common to all the European languages
3577	Europan	73	obscure	noun.communication	5	an artificial language proposed as an auxiliary European language
3578	Idiom Neutral	76	obscure	noun.communication	5	an artificial language proposed for use as an auxiliary international language; based on Volapuk but with a vocabulary selected on the basis of the maximum internationality of the roots
3579	Ido	73	obscure	noun.communication	5	an artificial language that is a revision and simplification of Esperanto
3580	Interlingua	73	obscure	noun.communication	5	an artificial language proposed for use as an auxiliary international language; based on words common to English and the Romance languages
3581	Latinesce	73	obscure	noun.communication	5	an artificial language derived from Esperanto and, indirectly, Latin
3582	Lingualumina	73	obscure	noun.communication	5	an artificial language, also known as the language of light
3583	Lingvo Kosmopolita	76	obscure	noun.communication	5	an artificial language created by René de Saussure
3584	Monario	73	obscure	noun.communication	5	an artificial language created by Aldo Lavagnini
3585	Nov-Esperanto	76	obscure	noun.communication	5	an artificial language based on Esperanto
3586	Nov-Latin	76	obscure	noun.communication	5	an artificial language based on Latin, proposed by Daniele Rosa in 1890
3587	Novial	73	obscure	noun.communication	5	a constructed international auxiliary language (IAL) for universal communication between speakers of different native languages, its vocabulary is based largely on that of the Germanic and Romance languages, and its grammar on that of English
3588	Occidental	73	obscure	noun.communication	5	a planned international auxiliary language created by Edgar de Wahl, and published in 1922
3589	Optez	73	obscure	noun.communication	5	an artificial language created for a specific purpose
3590	Pasigraphy	73	obscure	noun.communication	5	an artificial international language using characters (as mathematical symbols) instead of words to express ideas
3591	Ro	73	obscure	noun.communication	5	an artificial language for international use that rejects all existing words and is based instead on an abstract analysis of ideas
3592	Romanal	73	obscure	noun.communication	5	an international auxiliary language created by Dr. Alfred Michaux of Boulogne-sur-Mer in 1909
3593	Solresol	73	obscure	noun.communication	5	an artificial language in which the phonemes can be represented as the seven colours of the rainbow, as the seven notes of the musical scale, as spoken syllables (based on solfege), as hand gestures, etc
3594	Volapuk	73	obscure	noun.communication	5	one of the first artificial language constructed for use as an auxiliary international language; based largely on English but with some German and French and Latin roots
3595	artlang	68	specific	noun.communication	5	a constructed language designed for aesthetic pleasure.
3596	pidgin	71	technical	noun.communication	5	an artificial language used for trade between speakers of different languages
3597	programming language	61	ordinary	noun.communication	5	(computer science) a language designed for programming computers
3598	syntax language	76	obscure	noun.communication	5	a language used to describe the syntax of another language
3599	Afroasiatic	46	common	noun.communication	5	a large family of related languages spoken both in Asia and Africa
3600	Amerind	42	common	noun.communication	5	any of the languages spoken by Amerindians
3601	Australian	59	common	noun.communication	5	the languages spoken by Australian aborigines
3602	Austro-Asiatic	63	ordinary	noun.communication	5	a family of languages spoken in southern and southeastern Asia
3603	Austronesian	59	common	noun.communication	5	the family of languages spoken in Australia and Formosa and Malaysia and Polynesia
3604	Basque	69	specific	noun.communication	5	the language of the Basque people; of no known relation to any other language
3605	Caucasian	63	ordinary	noun.communication	5	a number of languages spoken in the Caucasus that are unrelated to languages spoken elsewhere
3606	Chukchi	69	specific	noun.communication	5	an indigenous and isolated language of unknown origin spoken by the Chukchi that is pronounced differently by men and women
3607	Dravidian	55	common	noun.communication	5	a large family of languages spoken in south and central India and Sri Lanka, as well as overseas in Malaysia and Singapore
3608	Elamitic	59	common	noun.communication	5	an extinct ancient language of unknown affinities; spoken by the Elamites
3609	Eskimo-Aleut	69	specific	noun.communication	5	the family of languages that includes Eskimo and Aleut
3610	Hmong	62	ordinary	noun.communication	5	a language of uncertain affiliation spoken by the Hmong
3611	Indo-European	51	common	noun.communication	5	the family of languages that by 1000 BC were spoken throughout Europe and in parts of southwestern and southern Asia
3612	Kassite	62	ordinary	noun.communication	5	an ancient language spoken by the Kassites
3613	Khoisan	67	specific	noun.communication	5	a family of languages spoken in southern Africa
3614	Niger-Kordofanian	59	common	noun.communication	5	the family of languages that includes most of the languages spoken in Africa south of the Sahara; the majority of them are tonal languages but there are important exceptions (e.g., Swahili or Fula)
3615	Nilo-Saharan	65	ordinary	noun.communication	5	a family of East African languages spoken by Nilotic peoples from the Sahara south to Kenya and Tanzania
3616	Papuan	69	specific	noun.communication	5	any of the indigenous languages spoken in Papua New Guinea or New Britain or the Solomon Islands that are not Malayo-Polynesian languages
3617	Sino-Tibetan	59	common	noun.communication	5	the family of tonal languages spoken in eastern Asia
3618	Ural-Altaic	63	ordinary	noun.communication	5	a (postulated) group of languages including many of the indigenous languages of Russia (but not Russian)
3619	creole	71	technical	noun.communication	5	a mother tongue that originates from contact between two languages
3620	mother tongue	69	specific	noun.communication	5	one's native language; the language learned by children and passed from one generation to the next
3621	standard language	76	obscure	noun.communication	5	A particular variety of a language that is regarded as the most correct way of writing or speaking the language.
3622	tone language	68	specific	noun.communication	5	a language in which different tones distinguish different meanings
3623	ASL	69	specific	noun.communication	5	the sign language used in the United States
3624	finger spelling	72	technical	noun.communication	5	an alphabet of manual signs
3625	application-oriented language	71	technical	noun.communication	5	a language whose statements resemble terminology of the user
3626	command language	69	specific	noun.communication	5	a source language consisting of procedural operators that invoke functions to be executed
3627	sentence	59	common	noun.communication	5	a string of words satisfying the grammatical rules of a language
3628	syntagma	57	common	noun.communication	5	a syntactic string of words that forms a part of some larger syntactic unit
3629	fusional language	76	obscure	noun.communication	5	a type of synthetic language in which single morphemes can convey multiple pieces of information.
3630	newscast	70	technical	noun.communication	5	a broadcast of news or commentary on the news
3631	radio broadcast	74	obscure	noun.communication	5	a broadcast via radio
3632	rebroadcast	73	obscure	noun.communication	5	a broadcast that repeated at a later time
3633	simulcast	73	obscure	noun.communication	5	a broadcast that is carried simultaneously by radio and television (or by FM and AM radio)
3634	telecast	73	obscure	noun.communication	5	a television broadcast
3635	air mail	76	obscure	noun.communication	5	mail that is sent by air transport
3636	airmail	71	technical	noun.communication	5	letters and packages that are transported by aircraft
3637	bulk mail	76	obscure	noun.communication	5	mail consisting of large numbers of identical items (circulars or advertisements) sent to individual addresses at less than 1st-class rates and paid for in one lot
3638	express	64	ordinary	noun.communication	5	mail that is distributed by a rapid and efficient system
3639	first class	54	common	noun.communication	5	mail that includes letters and postcards and packages sealed against inspection
3640	parcel post	76	obscure	noun.communication	5	postal service that handles packages
3641	registered mail	72	technical	noun.communication	5	mail that is registered by the post office when sent in order to assure safe delivery
3642	special delivery	76	obscure	noun.communication	5	mail that is delivered by a special carrier (for an additional charge)
3643	surface mail	76	obscure	noun.communication	5	mail that is sent by land or sea
3644	third-class mail	73	obscure	noun.communication	5	mail consisting of printed matter qualifying for reduced postal rates
3645	cable	60	common	noun.communication	5	a telegram sent abroad
3646	letter telegram	76	obscure	noun.communication	5	a cheaper form of telegram that is sent abroad for delivery the next day
3647	night letter	76	obscure	noun.communication	5	a cheaper form of telegram sent for delivery the next day
3648	admission	67	specific	noun.communication	5	an acknowledgment of the truth of something
3649	aloha	70	technical	noun.communication	5	an acknowledgment that can be used to say hello or goodbye (aloha is Hawaiian and ciao is Italian)
3650	apology	69	specific	noun.communication	5	an expression of regret at having caused trouble for someone
3651	best wishes	76	obscure	noun.communication	5	an expression of hope for someone's future happiness or welfare.
3652	condolence	70	technical	noun.communication	5	an expression of sympathy with another's grief
3653	credits	73	obscure	noun.communication	5	a list of acknowledgements of those who contributed to the creation of a film (usually run at the end of the film)
3654	declination	71	technical	noun.communication	5	a polite refusal of an invitation
3655	farewell	61	ordinary	noun.communication	5	an acknowledgment or expression of goodwill at parting
3656	greeting	60	common	noun.communication	5	(usually plural) an acknowledgment or expression of good will (especially on meeting)
3657	handshake	62	ordinary	noun.communication	5	grasping and shaking a person's hand (as to acknowledge an introduction or to agree on a contract)
3658	mea culpa	76	obscure	noun.communication	5	an acknowledgment of your error or guilt
3659	receipt	66	ordinary	noun.communication	5	an acknowledgment (usually tangible) that payment has been made
3660	thanks	66	ordinary	noun.communication	5	an acknowledgment of appreciation
3661	acclaim	59	common	noun.communication	5	enthusiastic approval
3662	applause	61	ordinary	noun.communication	5	a demonstration of approval by clapping the hands together
3663	approbation	73	obscure	noun.communication	5	official recognition or approval
3664	cheer	65	ordinary	noun.communication	5	a cry or shout of approval
3665	connivance	65	ordinary	noun.communication	5	(law) tacit approval of someone's wrongdoing
3666	encouragement	62	ordinary	noun.communication	5	the expression of approval and support
3667	permission	62	ordinary	noun.communication	5	approval to do something
3668	praise	51	common	noun.communication	5	an expression of approval and commendation
3669	recognition	60	common	noun.communication	5	approval
3670	sanction	50	common	noun.communication	5	formal and explicit approval
3671	thumbs up	76	obscure	noun.communication	5	an indication of satisfaction or approval.
3672	tribute	66	ordinary	noun.communication	5	something given or done as an expression of esteem
3673	affirmation	69	specific	noun.communication	5	(religion) a solemn declaration that serves the same purpose as an oath (if an oath is objectionable to the person on religious or ethical grounds)
3674	assurance	59	common	noun.communication	5	a binding commitment to do or give or refrain from something
3675	oath	68	specific	noun.communication	5	a commitment to tell the truth (especially in a court of law); to lie under oath is to become subject to prosecution for perjury
3676	promise	64	ordinary	noun.communication	5	a verbal commitment by one person to another agreeing to do (or not to do) something in the future
3677	markup	73	obscure	noun.communication	5	detailed stylistic instructions for typesetting something that is to be printed; manual markup is usually written on the copy (e.g. underlining words that are to be set in italics)
3678	misdirection	70	technical	noun.communication	5	incorrect directions or instructions
3679	recipe	70	technical	noun.communication	5	directions for making something
3680	rubric	71	technical	noun.communication	5	directions for the conduct of Christian church services (often printed in red in a prayer book)
3681	rule	75	obscure	noun.communication	5	any one of a systematic body of regulations defining the way of life of members of a religious order
3682	stage direction	75	obscure	noun.communication	5	an instruction written as part of the script of a play
3683	style	75	obscure	noun.communication	5	editorial directions to be followed in spelling and punctuation and capitalization and typographical display
3684	system command	76	obscure	noun.communication	5	a computer user's instruction (not part of a program) that calls for action by the computer's executive program
3685	criticism	55	common	noun.communication	5	disapproval expressed by pointing out faults or shortcomings
3686	disapprobation	65	ordinary	noun.communication	5	an expression of strong disapproval; pronouncing as wrong or morally culpable
3687	discouragement	67	specific	noun.communication	5	the expression of opposition and disapproval
3688	abuse	52	common	noun.communication	5	a rude expression intended to offend or hurt
3689	blasphemy	71	technical	noun.communication	5	blasphemous language (expressing disrespect for God or for something sacred)
3690	contempt	64	ordinary	noun.communication	5	open disrespect for a person or thing
3691	derision	65	ordinary	noun.communication	5	contemptuous laughter
3692	disparagement	54	common	noun.communication	5	a communication that belittles somebody or something
3693	impudence	64	ordinary	noun.communication	5	an impudent statement
3694	ridicule	71	technical	noun.communication	5	language or behavior intended to mock or humiliate
3695	bunk	57	common	noun.communication	5	unacceptable behavior (especially ludicrously false statements)
3696	chickenshit	73	obscure	noun.communication	5	a false statement that is considered to indicate timidity or fear
3697	folderol	57	common	noun.communication	5	nonsensical talk or writing
3698	pap	66	ordinary	noun.communication	5	worthless or oversimplified ideas
3699	career counseling	76	obscure	noun.communication	5	counseling on career opportunities
3700	cynosure	71	technical	noun.communication	5	something that provides guidance (as Polaris guides mariners)
3701	genetic counseling	76	obscure	noun.communication	5	guidance for prospective parents on the likelihood of genetic disorders in their future children
3702	marriage counseling	76	obscure	noun.communication	5	counseling on marital problems and disagreements
3703	road map	70	technical	noun.cognition	5	a detailed plan or explanation to guide you in setting standards or determining a course of action
3704	tip	55	common	noun.communication	5	an indication of potential opportunity
3705	ammunition	73	obscure	noun.communication	5	information that can be used to attack or defend a claim or argument or viewpoint
3706	confirmation	66	ordinary	noun.communication	5	information that confirms or verifies
3707	course of study	56	common	noun.communication	5	an integrated course of academic studies
3708	database	58	common	noun.communication	5	an organized body of related information
3709	details	68	specific	noun.communication	5	true confidential information
3710	fact	61	ordinary	noun.communication	5	a statement or assertion of verified information about something that is the case or has happened
3711	factoid	71	technical	noun.communication	5	something resembling a fact; unverified (often invented) information that is given credibility because it appeared in print
3712	gen	73	obscure	noun.communication	5	informal term for information
3713	insider information	76	obscure	noun.communication	5	important information about the plans or condition of a corporation that has not been released to the public; use for personal profit is illegal
3714	intelligence	66	ordinary	noun.communication	5	secret information about an enemy (or potential enemy)
3715	marketing information	76	obscure	noun.communication	5	The results of marketing research that are used to plan for future marketing or product development activities.
3716	misinformation	70	technical	noun.communication	5	information that is incorrect
3717	news	53	common	noun.communication	5	information about recent and important events
3718	nuts and bolts	78	obscure	noun.communication	5	detailed practical information about how something works or how something can be accomplished
3719	propaganda	71	technical	noun.communication	5	information that is spread for the purpose of promoting some cause
3720	readout	68	specific	noun.communication	5	the information displayed or recorded on an electronic device
3721	report card	72	technical	noun.communication	5	a written evaluation of a student's scholarship and deportment
3722	secret	63	ordinary	noun.communication	5	information known only to a special group
3723	skinny	73	obscure	noun.communication	5	confidential information about a topic or person
3724	tabulation	67	specific	noun.communication	5	information set out in tabular form
3725	update	71	technical	noun.communication	5	information or data that updates
3726	effect	59	common	noun.communication	5	the central meaning or theme of a speech or literary work
3727	grammatical meaning	75	obscure	noun.communication	5	the meaning of a word that depends on its role in a sentence; varies with inflectional form
3728	intension	70	technical	noun.communication	5	what you must know in order to determine the reference of an expression
3729	intent	66	ordinary	noun.communication	5	the intended meaning of a communication
3730	lexical meaning	75	obscure	noun.communication	5	the meaning of a content word that depends on the nonlinguistic concepts it is used to express
3731	moral	68	specific	noun.communication	5	the significance of a story or event
3732	nuance	59	common	noun.communication	5	a subtle difference in meaning or opinion or attitude
3733	overtone	71	technical	noun.communication	5	(usually plural) an ulterior implicit meaning or quality
3734	referent	65	ordinary	noun.communication	5	something referred to; the object of a reference
3735	sense	64	ordinary	noun.communication	5	the meaning of a word or expression; the way in which a word or expression or situation can be interpreted
3736	symbolization	66	ordinary	noun.communication	5	the use of symbols to convey meaning
3737	fairytale	64	ordinary	noun.communication	5	a story about fairies; told to amuse children
3738	folktale	68	specific	noun.communication	5	a tale circulated by word of mouth among the common folk
3739	nursery rhyme	76	obscure	noun.communication	5	a tale in rhymed verse for children
3740	sob story	72	technical	noun.communication	5	a sentimental story (or drama) of personal distress; designed to arouse sympathy
3741	tall tale	76	obscure	noun.communication	5	an improbable (unusual or incredible or fanciful) story
3742	tearjerker	73	obscure	noun.communication	5	an excessively sentimental narrative
3743	amphigory	70	technical	noun.communication	5	nonsensical writing (usually verse)
3744	balderdash	66	ordinary	noun.communication	5	trivial nonsense
3745	baloney	59	common	noun.communication	5	pretentious or silly talk or writing
3746	buzzword	70	technical	noun.communication	5	stock phrases that have become nonsense through endless repetition
3747	cobblers	71	technical	noun.communication	5	nonsense
3748	crock	71	technical	noun.communication	5	nonsense; foolish talk
3749	fa la	72	technical	noun.communication	5	meaningless syllables in the refrain of a partsong
3750	gibberish	63	ordinary	noun.communication	5	unintelligible talking
3751	incoherence	64	ordinary	noun.communication	5	nonsense that is simply incoherent and unintelligible
3752	jabberwocky	73	obscure	noun.communication	5	nonsensical language (according to Lewis Carroll)
3753	mummery	70	technical	noun.communication	5	meaningless ceremonies and flattery
3754	palaver	59	common	noun.communication	5	loud and confused and empty talk
3755	rigmarole	67	specific	noun.communication	5	a set of confused and meaningless statements
3756	shmegegge	70	technical	noun.communication	5	(Yiddish) baloney; hot air; nonsense
3757	bid	65	ordinary	noun.communication	5	a formal proposal to buy at a specified price
3758	contract offer	76	obscure	noun.communication	5	offer by an employer to contract to pay an employee at a given rate
3759	counteroffer	73	obscure	noun.communication	5	an offer made by someone who has rejected a prior offer
3760	marriage proposal	63	ordinary	noun.communication	5	an offer of marriage
3761	peace offering	72	technical	noun.communication	5	something offered to an adversary in the hope of obtaining peace
3762	proposition	72	technical	noun.communication	5	an offer for a private bargain (especially a request for sexual favors)
3763	prospectus	71	technical	noun.communication	5	a formal written offer to sell securities (filed with the SEC) that sets forth a plan for a (proposed) business enterprise
3764	reward	71	technical	noun.communication	5	the offer of money for helping to find a criminal or for returning lost property
3765	rights offering	72	technical	noun.communication	5	an offering of common stock to existing shareholders who hold subscription rights or pre-emptive rights that entitle them to buy newly issued shares at a discount from the price at which they will be offered to the public later
3766	special	69	specific	noun.communication	5	a special offering (usually temporary and at a reduced price) that is featured in advertising
3767	tender offer	71	technical	noun.communication	5	an offer to buy shares in a corporation (usually above the market price) for cash or securities or both
3768	twofer	71	technical	noun.communication	5	an offer of two for the price of one
3769	adverse opinion	76	obscure	noun.communication	5	an opinion concerning financial statements (usually based on an audit by a CPA) that the statements as a whole do not present results fairly or are not in conformity with the generally accepted accounting practices of the United States
3770	guess	55	common	noun.communication	5	a message expressing an opinion based on incomplete evidence
3771	side	72	technical	noun.communication	5	an opinion that is held in opposition to another in an argument or dispute
3772	ad	50	common	noun.communication	5	a public promotion of some product or service
3773	ballyhoo	63	ordinary	noun.communication	5	blatant or sensational promotion
3774	buildup	73	obscure	noun.communication	5	highly favorable publicity and praise
3775	endorsement	61	ordinary	noun.communication	5	a promotional statement (as found on the dust jackets of books)
3776	public relations	72	technical	noun.communication	5	a promotion intended to create goodwill for a person or institution
3777	sales promotion	76	obscure	noun.communication	5	promotion that supplements or coordinates advertising
3778	sales talk	69	specific	noun.communication	5	promotion by means of an argument and demonstration
3779	advice	67	specific	noun.communication	5	a proposal for an appropriate course of action
3780	counterproposal	73	obscure	noun.communication	5	a proposal offered as an alternative to an earlier proposal
3781	hypothesis	69	specific	noun.communication	5	a proposal intended to explain certain facts or observations
3782	introduction	74	obscure	noun.communication	5	a new proposal
3783	re-introduction	76	obscure	noun.communication	5	a proposal of something previously rejected
3784	suggestion	57	common	noun.communication	5	a proposal offered for acceptance or rejection
3785	phylactery	69	specific	noun.communication	5	(Judaism) either of two small leather cases containing texts from the Hebrew Scriptures (known collectively as tefillin); traditionally worn (on the forehead and the left arm) by Jewish men during morning prayer
3786	application	62	ordinary	noun.communication	5	a verbal or written request for assistance or employment or admission to a school
3787	solicitation	59	common	noun.communication	5	request for a sum of money
3788	Bill of Rights	78	obscure	noun.communication	5	a statement of fundamental rights and privileges (especially the first ten amendments to the United States Constitution)
3789	agreement	48	common	noun.communication	5	the statement (oral or written) of an exchange of promises
3790	amendment	73	obscure	noun.communication	5	a statement that is added to or revises or improves a proposal or document (a bill or constitution etc.)
3791	announcement	57	common	noun.communication	5	a formal public statement
3792	answer	57	common	noun.communication	5	a statement (either spoken or written) that is made to reply to a question or request or criticism or accusation
3793	cautious statement	76	obscure	noun.communication	5	a statement made with careful qualifications
3794	comment	60	common	noun.communication	5	a written explanation or criticism or illustration that is added to a book or other textual material
3795	declaration	55	common	noun.communication	5	a statement that is emphatic and explicit (spoken or written)
3796	description	58	common	noun.communication	5	a statement that represents something in words
3797	estimate	74	obscure	noun.communication	5	a statement indicating the likely cost of some job
3798	explanans	72	technical	noun.communication	5	(logic) statements that explain the explicandum; the explanatory premises
3799	explanation	51	common	noun.communication	5	a statement that makes something comprehensible by describing the relevant structure or operation or circumstances etc.
3800	explicandum	68	specific	noun.communication	5	(logic) a statement of something (a fact or thing or expression) to be explained
3801	falsehood	52	common	noun.communication	5	a false statement
3802	formula	70	technical	noun.communication	5	a conventionalized statement expressing some fundamental principle
3803	mathematical statement	65	ordinary	noun.communication	5	a statement of a mathematical relation
3804	misstatement	67	specific	noun.communication	5	a statement that contains a mistake
3805	negation	69	specific	noun.communication	5	a negative statement; a statement that is a refusal or denial of some other statement
3806	pleading	59	common	noun.communication	5	(law) a statement in legal and logical form stating something on behalf of a party to a legal proceeding
3807	prediction	55	common	noun.communication	5	a statement made about the future
3808	quotation	72	technical	noun.communication	5	a statement of the current market price of a security or commodity
3809	recital	74	obscure	noun.communication	5	a detailed account or description of something
3810	remark	54	common	noun.communication	5	a statement that expresses a personal opinion or belief or adds information
3811	reservation	61	ordinary	noun.communication	5	a statement that limits or restricts some claim
3812	restatement	70	technical	noun.communication	5	a revised statement
3813	rhetorical question	76	obscure	noun.communication	5	a statement that is formulated as a question but that is not supposed to be answered
3814	summary	60	common	noun.communication	5	a brief statement that presents the main points in a concise form
3815	truth	63	ordinary	noun.communication	5	a true statement
3816	understatement	70	technical	noun.communication	5	a statement that is restrained in ironic contrast to what might have been said
3817	value statement	76	obscure	noun.communication	5	a statement of the desirability of something
3818	word	68	specific	noun.communication	5	a brief statement
3819	bone of contention	78	obscure	noun.communication	5	the subject of a dispute
3820	keynote	69	specific	noun.communication	5	the principal theme in a speech or literary work
3821	precedent	74	obscure	noun.communication	5	a subject mentioned earlier (preceding in time)
3822	question	55	common	noun.communication	5	the subject matter at issue
3823	filing	68	specific	noun.communication	5	the entering of a legal document into the public record
3824	bon mot	72	technical	noun.communication	5	a clever remark
3825	caricature	63	ordinary	noun.communication	5	a representation of a person that is exaggerated for comic effect
3826	cartoon	63	ordinary	noun.communication	5	a humorous or satirical drawing published in a newspaper or magazine
3827	esprit de l'escalier	78	obscure	noun.communication	5	a witty remark that occurs to you too late
3828	fun	57	common	noun.communication	5	verbal wit or mockery (often at another's expense but not to be taken seriously)
3829	jeu d'esprit	76	obscure	noun.communication	5	a witty comment or writing
3830	joke	46	common	noun.communication	5	a humorous anecdote or remark intended to provoke laughter
3831	pungency	67	specific	noun.communication	5	wit having a sharp and caustic quality
3832	repartee	69	specific	noun.communication	5	adroitness and cleverness in reply
3833	ribaldry	71	technical	noun.communication	5	ribald humor
3834	sarcasm	63	ordinary	noun.communication	5	witty language used to convey insults or scorn
3835	surreal humor	65	ordinary	noun.communication	5	is a form of humour predicated on deliberate violations of causal reasoning, producing events and behaviours that are obviously illogical.
3836	topper	73	obscure	noun.communication	5	an exceedingly good witticism that surpasses all that have gone before
3837	clairvoyance	57	common	noun.communication	5	apparent power to perceive things that are not present to the senses
3838	table rapping	68	specific	noun.communication	5	alleged form of communication with spirits of the dead
3839	table tipping	65	ordinary	noun.communication	5	manipulation of a table during a seance; attributed to spirits
3840	telekinesis	70	technical	noun.communication	5	the power to move something by thinking about it without the application of physical force
3841	flash card	72	technical	noun.communication	5	a card with words or numbers or pictures that is flashed to a class by the teacher
3842	show bill	68	specific	noun.communication	5	a poster advertising a show or play
3843	fingerpost	70	technical	noun.communication	5	a guidepost resembling a hand with a pointing index finger
3844	direction sign	76	obscure	noun.communication	5	any road sign used primarily to give information about the location of either the driver or possible destinations, and are considered a subset of the informative signs group.
3845	stop sign	76	obscure	noun.communication	5	a sign telling drivers to stop and wait until they can continue safely.
3846	air alert	76	obscure	noun.communication	5	the warning signal that begins a period of preparation for an enemy air attack
3847	burglar alarm	73	obscure	noun.communication	5	a loud warning signal produced by a burglar alarm
3848	fire alarm	73	obscure	noun.communication	5	a shout or bell to warn that fire has broken out
3849	foghorn	67	specific	noun.communication	5	a loud low warning signal that can be heard by fogbound ships
3850	horn	69	specific	noun.communication	5	a noise made by the driver of an automobile to give warning
3851	red flag	72	technical	noun.communication	5	a flag that serves as a warning signal
3852	siren	70	technical	noun.communication	5	a warning signal that is a loud wailing sound
3853	tocsin	67	specific	noun.communication	5	the sound of an alarm (usually a bell)
3854	torpedo	74	obscure	noun.artifact	5	a small explosive device that is placed on a railroad track and fires when a train runs over it; the sound of the explosion warns the engineer of danger ahead
3855	birdcall	57	common	noun.communication	5	the characteristic sound produced by a bird
3856	recall	72	technical	noun.communication	5	a bugle call that signals troops to return
3857	reveille	67	specific	noun.communication	5	(military) signal to wake up
3858	taps	69	specific	noun.communication	5	(military) signal to turn the lights out
3859	tattoo	69	specific	noun.communication	5	a drumbeat or bugle call that signals the military to return to their quarters
3860	SOS	73	obscure	noun.communication	5	an internationally recognized distress signal in radio code
3861	mayday	73	obscure	noun.communication	5	an internationally recognized distress signal via radiotelephone
3862	radar beacon	72	technical	noun.communication	5	a device that, on receiving radar signals, transmits coded signals in response to help navigators determine their position
3863	radar echo	72	technical	noun.communication	5	an electronic signal that has been reflected back to the radar antenna; contains information about the location and distance of the reflecting object
3864	reference point	59	common	noun.communication	5	an indicator that orients you generally
3865	printout	73	obscure	noun.communication	5	the output of a computer in printed form
3866	bologram	70	technical	noun.artifact	5	record or recording made by a bolometer
3867	chromatogram	73	obscure	noun.artifact	5	the recording (column or paper strip) on which the constituents of a mixture are adsorbed in chromatography
3868	oscillogram	73	obscure	noun.artifact	5	the recording produced by an oscillograph
3869	spirogram	73	obscure	noun.artifact	5	a recording of breathing made with a spirograph
3870	storm cone	76	obscure	noun.communication	5	a canvas cone hoisted to warn of high winds
3871	Crown	73	obscure	noun.communication	5	the Crown (or the reigning monarch) as the symbol of the power and authority of a monarchy
3872	award	42	common	noun.communication	5	a tangible symbol signifying approval or distinction
3873	button	76	obscure	noun.artifact	5	a specific area or icon in graphical user interface systems that is clicked or pressed in order to select a command or perform an action
3874	dollar	67	specific	noun.communication	5	a symbol of commercialism or greed
3875	icon	68	specific	noun.communication	5	(computer science) a graphic symbol (usually a simple picture) that denotes a program or a command or a data file or a concept in a graphical user interface
3876	identifier	73	obscure	noun.communication	5	a symbol that establishes the identity of the one bearing it
3877	lingam	73	obscure	noun.communication	5	the Hindu phallic symbol of Siva
3878	mantle	66	ordinary	noun.communication	5	the cloak as a symbol of authority
3879	marker	53	common	noun.communication	5	a distinguishing symbol
3880	monogram	73	obscure	noun.communication	5	a graphic symbol consisting of 2 or more letters combined (usually your initials); printed on stationery or embroidered on clothing
3881	nose	74	obscure	noun.communication	5	a symbol of inquisitiveness
3882	numeral	63	ordinary	noun.communication	5	a symbol used to represent a number
3883	peace sign	72	technical	noun.communication	5	a symbol that represents peace, in the form of three lines within a circle.
3884	pound	72	technical	noun.communication	5	a symbol for a unit of currency (especially for the pound sterling in Great Britain)
3885	staff	69	specific	noun.communication	5	a rod carried as a symbol
3886	stamp	62	ordinary	noun.communication	5	a symbol that is the result of printing or engraving
3887	stock symbol	76	obscure	noun.communication	5	the letters used to identify listed companies on the securities exchanges where they are traded
3888	symbolism	69	specific	noun.communication	5	a system of symbols and symbolic representations
3889	token	61	ordinary	noun.communication	5	an individual instance of a type of symbol
3890	type	75	obscure	noun.communication	5	all of the tokens of the same symbol
3891	written symbol	55	common	noun.communication	5	a written or printed symbol
3892	dot	67	specific	noun.communication	5	the shorter of the two telegraphic signals used in Morse code
3893	armband	71	technical	noun.communication	5	worn around arm as identification or to indicate mourning
3894	barber's pole	76	obscure	noun.communication	5	striped pole outside a barbershop
3895	beacon	64	ordinary	noun.communication	5	a fire (usually on a hill or tower) that can be seen from a distance
3896	blinker	60	common	noun.communication	5	a blinking light on a motor vehicle that indicates the direction in which the vehicle is about to turn
3897	flag	63	ordinary	noun.communication	5	a rectangular piece of fabric used as a signalling device
3898	post	68	specific	noun.communication	5	a pole or stake set up to mark something (as the start or end of a race track)
3899	red light	68	specific	noun.communication	5	a cautionary sign of danger
3900	rocket	70	technical	noun.communication	5	propels bright light high in the sky, or used to propel a lifesaving line or harpoon
3901	stoplight	67	specific	noun.communication	5	a red light on the rear of a motor vehicle that signals when the brakes are applied to slow or stop
3902	watch fire	76	obscure	noun.communication	5	a fire lighted at night as a signal
3903	windsock	59	common	noun.communication	5	a truncated cloth cone mounted on a mast; used (e.g., at airports) to show the direction of the wind
3904	drawing	65	ordinary	noun.communication	5	an illustration that is drawn by hand and published in a book, magazine, or newspaper
3905	illustration	64	ordinary	noun.communication	5	artwork that helps make something clear or attractive
3906	bar chart	70	technical	noun.communication	5	a chart with bars whose lengths are proportional to quantities
3907	color chart	74	obscure	noun.communication	5	a chart displaying colors
3908	eye chart	76	obscure	noun.communication	5	a chart that is read from a fixed distance; used as a test of vision
3909	flip chart	76	obscure	noun.communication	5	a chart with several sheets hinged at the top; sheets can be flipped over to present information sequentially
3910	organization chart	76	obscure	noun.communication	5	a chart showing the lines of responsibility between departments of a large organization
3911	pie chart	76	obscure	noun.communication	5	a circular chart divided into triangular areas proportional to the percentages of the whole
3912	plot	74	obscure	noun.communication	5	a chart or graph showing the movements or progress of an object
3913	profile	65	ordinary	noun.communication	5	an analysis (often in graphical form) representing the extent to which something exhibits various characteristics
3914	slide chart	74	obscure	noun.communication	5	a hand-held device, usually of paper, cardboard, or plastic, for conducting simple calculations or looking up information
3915	star chart	76	obscure	noun.communication	5	a chart showing the relative positions of the stars in a particular part of the sky
3916	exemplification	67	specific	noun.communication	5	showing by example
3917	V sign	76	obscure	noun.communication	5	a sign (for victory); making a V with the index and middle fingers
3918	beck	73	obscure	noun.communication	5	a beckoning gesture
3919	bow	61	ordinary	noun.communication	5	bending the head or body or knee as a sign of reverence or submission or shame or greeting
3920	curtsy	70	technical	noun.communication	5	bending the knees; a gesture of respect made by women
3921	facial expression	60	common	noun.communication	5	a gesture executed with the facial muscles
3922	gesticulation	73	obscure	noun.communication	5	a deliberate and vigorous gesture or motion
3923	high-five	76	obscure	noun.communication	5	a gesture of greeting or elation; one person's upraised palm slaps the upraised palm of another person
3924	nod	71	technical	noun.communication	5	a sign of assent or salutation or command
3925	previous question	76	obscure	noun.communication	5	a motion calling for an immediate vote on the main question under discussion by a deliberative assembly
3926	shrug	73	obscure	noun.communication	5	a gesture involving the shoulders
3927	sign of the cross	78	obscure	noun.communication	5	a gesture with the right hand moving to form a cross; used by Catholics as a profession of faith
3928	wai	73	obscure	noun.communication	5	a traditional Thai greeting where the hands are placed together in a prayer-like position
3929	wave	65	ordinary	noun.communication	5	the act of signaling by a movement of the hand
3930	Laffer curve	76	obscure	noun.communication	5	a graph purporting to show the relation between tax rates and government income; income increases as tax rates increase up to an optimum beyond which income declines
3931	ballistocardiogram	73	obscure	noun.communication	5	a graphical recording made by a ballistocardiograph
3932	characteristic curve	69	specific	noun.communication	5	(electronics) graph showing how a particular characteristic of a device varies with other parameters
3933	echocardiogram	73	obscure	noun.communication	5	a graphical image of the heart produced by an echocardiograph
3934	echoencephalogram	73	obscure	noun.communication	5	a graphical image of the brain produced by an echoencephalograph
3935	electrocardiogram	62	ordinary	noun.communication	5	a graphical recording of the cardiac cycle produced by an electrocardiograph
3936	electroencephalogram	66	ordinary	noun.communication	5	a graphical record of electrical activity of the brain; produced by an electroencephalograph
3937	electroretinogram	73	obscure	noun.communication	5	a graphical recording of the electrical activity of the retina that results when light is flashed into the eye
3938	exponential curve	76	obscure	noun.relation	5	a graph of an exponential function
3939	learning curve	76	obscure	noun.communication	5	a graph showing the rate of learning (especially a graph showing the amount recalled as a function of the number of attempts to recall)
3940	myogram	71	technical	noun.communication	5	a graphical recording of muscle activity
3941	radiation pattern	68	specific	noun.communication	5	graphical representation (in polar or Cartesian coordinates) of the spatial distribution of radiation from an antenna as a function of angle
3942	scintigram	73	obscure	noun.communication	5	a recording of the radioactivity emitted by a tracer in an organism or organ system.
3943	seismogram	73	obscure	noun.artifact	5	the graphical record of an earth tremor made by using a seismograph
3944	tachogram	73	obscure	noun.communication	5	a graphical record of speed and distance produced by a tachograph
3945	thermogram	73	obscure	noun.communication	5	a graphical record produced by a thermograph
3946	undirected graph	76	obscure	noun.communication	5	In mathematics, a graph in which edges have no orientation.
3947	baritone	68	specific	noun.communication	5	the second lowest adult male singing voice
3948	bass	64	ordinary	noun.communication	5	the lowest adult male singing voice
3949	contralto	69	specific	noun.communication	5	the lowest female singing voice
3950	countertenor	69	specific	noun.communication	5	the highest adult male singing voice
3951	mezzo-soprano	67	specific	noun.communication	5	the female singing voice between contralto and soprano
3952	soprano	69	specific	noun.communication	5	the highest female voice; the voice of a boy before puberty
3953	tenor	64	ordinary	noun.communication	5	the adult male singing voice above baritone
3954	Bushido	73	obscure	noun.communication	5	traditional code of the Japanese samurai which stressed courage and loyalty and self-discipline and simple living
3955	Highway Code	76	obscure	noun.communication	5	the code of rules governing the use of public roads
3956	building code	75	obscure	noun.communication	5	set of standards established and enforced by local government for the structural safety of buildings
3957	dress code	76	obscure	noun.communication	5	a set of rules specifying the correct manner of dress while on the premises of the institution (or specifying what manner of dress is prohibited)
3958	fire code	75	obscure	noun.communication	5	set of standards established and enforced by government for fire prevention and safety in case of fire as in fire escapes etc
3959	legal code	69	specific	noun.communication	5	a code of laws adopted by a state or nation
3960	omerta	73	obscure	noun.communication	5	a code of silence practiced by the Mafia; a refusal to give evidence to the police about criminal activities
3961	sanitary code	72	technical	noun.communication	5	set of standards established and enforced by government for health requirements as in plumbing etc
3962	card	60	common	noun.communication	5	a rectangular piece of stiff paper used to send messages (may have printed greetings or pictures)
3963	small print	72	technical	noun.communication	5	material printed in small type
3964	bumf	70	technical	noun.communication	5	reading materials (documents, written information) that you must read and deal with but that you think are extremely boring
3965	phonetic transcription	73	obscure	noun.communication	5	a transcription intended to represent each distinct speech sound with a separate symbol
3966	transliteration	73	obscure	noun.communication	5	a transcription from one alphabet to another
3967	capitalization	65	ordinary	noun.communication	5	writing in capital letters
3968	coding system	59	common	noun.communication	5	a system of signals used to represent letters or numbers in transmitting messages
3969	handwriting	55	common	noun.communication	5	something written by hand
3970	hieroglyph	67	specific	noun.communication	5	writing that resembles hieroglyphics (usually by being illegible)
3971	notation	49	common	noun.communication	5	a technical system of symbols used to represent special things
3972	orthography	55	common	noun.communication	5	a method of representing the sounds of a language by written or printed symbols
3973	printing	68	specific	noun.communication	5	text handwritten in the style of printed matter
3974	skywriting	73	obscure	noun.communication	5	writing formed in the sky by smoke released from an airplane
3975	typing	64	ordinary	noun.communication	5	writing done with a typewriter
3976	autograph	64	ordinary	noun.communication	5	something written by one's own hand
3977	bowdlerization	67	specific	noun.act	5	written material that has been bowdlerized
3978	cryptogram	66	ordinary	noun.communication	5	a piece of writing in code or cipher
3979	diary	63	ordinary	noun.communication	5	a daily written record of (usually personal) experiences and observations
3980	dithyramb	71	technical	noun.communication	5	a wildly enthusiastic speech or piece of writing
3981	dramatic composition	60	common	noun.communication	5	a play for performance on the stage or television or in a movie etc.
3982	editing	61	ordinary	noun.communication	5	putting something (as a literary work or a legislative bill) into acceptable form
3983	essay	65	ordinary	noun.communication	5	an analytic or interpretive literary composition
3984	inscription	61	ordinary	noun.communication	5	letters inscribed (especially words engraved or carved) on something
3985	literary composition	57	common	noun.communication	5	imaginative or creative writing
3986	literature	59	common	noun.communication	5	creative writing of recognized artistic value
3987	manuscript	67	specific	noun.communication	5	the form of a literary work submitted for publication
3988	paragraph	73	obscure	noun.communication	5	one of several distinct subdivisions of a text intended to separate ideas; the beginning is usually marked by a new indented line
3989	plagiarism	71	technical	noun.communication	5	a piece of writing that has been copied from someone else and is presented as being your own work
3990	rewrite	66	ordinary	noun.communication	5	something that has been written again
3991	sacred text	55	common	noun.communication	5	writing that is venerated for the worship of a deity
3992	screed	71	technical	noun.communication	5	a long piece of writing
3993	title	75	obscure	noun.communication	5	(usually plural) written material introduced into a movie or TV show to give credits or represent dialogue or explain an action
3994	transcript	71	technical	noun.communication	5	something that has been transcribed; a written record (usually typewritten) of dictated or recorded speech
3995	treatise	67	specific	noun.communication	5	a formal exposition
3996	patristics	67	specific	noun.communication	5	the writings of the early Church Fathers
3997	acquisition	57	common	noun.act	5	the act of contracting or assuming or acquiring possession of something
3998	appropriation	64	ordinary	noun.act	5	a deliberate act of acquisition of something, often without the permission of the owner
3999	catching	70	technical	noun.act	5	becoming infected
4000	obtainment	70	technical	noun.act	5	the act of obtaining
4001	occupation	64	ordinary	noun.act	5	the act of occupying or taking possession of a building
4002	pickup	75	obscure	noun.act	5	the act of taking aboard passengers or freight
4003	reception	70	technical	noun.act	5	the act of receiving
4004	accomplishment	52	common	noun.act	5	the action of accomplishing something
4005	aggression	59	common	noun.act	5	violent action that is hostile and usually unprovoked
4006	alienation	74	obscure	noun.act	5	the action of alienating; the action of causing to become unfriendly
4007	arrival	59	common	noun.act	5	the act of arriving at a certain place
4008	beatification	71	technical	noun.act	5	the action of rendering supremely blessed and extremely happy
4009	bruxism	73	obscure	noun.act	5	involuntarily or unconsciously clenching or grinding the teeth, typically during sleep
4010	choice	47	common	noun.act	5	the act of choosing or selecting
4011	course	60	common	noun.act	5	a mode of action
4012	destabilization	69	specific	noun.act	5	the action of destabilizing; making something less stable (especially of a government or country or economy)
4013	emphasizing	66	ordinary	noun.act	5	the act of giving special importance or significance to something
4014	exercise	77	obscure	noun.act	5	an action, often used negatively and without consequences
4015	fetch	73	obscure	noun.act	5	the action of fetching
4016	group action	53	common	noun.act	5	action taken by a group of people
4017	interaction	63	ordinary	noun.act	5	a mutual or reciprocal action; interacting
4018	jumpstart	70	technical	noun.act	5	starting an automobile engine that has a weak battery by means of jumper cables to another car
4019	kindness	62	ordinary	noun.act	5	a kind act
4020	performance	55	common	noun.act	5	the act of performing; of doing something successfully; using knowledge as distinguished from merely possessing it
4021	pickings	70	technical	noun.act	5	the act of someone who picks up or takes something
4022	playing	65	ordinary	noun.act	5	the action of taking part in a game or sport or other recreation
4023	politeness	62	ordinary	noun.act	5	the act of showing regard for others
4024	prohibition	69	specific	noun.act	5	the action of prohibiting or inhibiting or forbidding (or an instance thereof)
4025	reference	72	technical	noun.act	5	the act of referring or consulting
4026	res gestae	75	obscure	noun.act	5	things done
4027	reverence	67	specific	noun.act	5	an act showing respect (especially a bow or curtsy)
4028	stupefaction	73	obscure	noun.act	5	the action of stupefying; making dull or lethargic
4029	transfusion	71	technical	noun.act	5	the action of pouring a liquid from one vessel to another
4030	transgression	73	obscure	noun.act	5	the action of going beyond or overstepping some boundary or limit
4031	vampirism	73	obscure	noun.act	5	the actions or practices of a vampire
4032	acting	51	common	noun.act	5	the performance of a part or role in a drama
4033	aid	46	common	noun.act	5	the activity of contributing to the fulfillment of a need or furtherance of an effort or purpose
4034	attempt	41	common	noun.act	5	earnest and conscientious activity intended to do or accomplish something
4035	burst	67	specific	noun.act	5	a sudden flurry of activity (often for no obvious reason)
4036	buzz	73	obscure	noun.act	5	a confusion of activity and gossip
4037	calibration	58	common	noun.act	5	the act of checking or adjusting (by comparison with a standard) the accuracy of a measuring instrument
4038	ceremony	69	specific	noun.act	5	any activity that is performed in an especially solemn elaborate or formal way
4039	concealment	58	common	noun.act	5	the activity of keeping something secret
4040	continuance	53	common	noun.act	5	the act of continuing an activity without interruption
4041	creation	47	common	noun.act	5	the human act of creating
4042	cup of tea	71	technical	noun.act	5	an activity that you like or at which you are superior
4043	dismantling	66	ordinary	noun.act	5	the act of taking something apart (as a piece of machinery)
4044	diversion	44	common	noun.act	5	an activity that diverts or amuses or stimulates
4045	energizing	63	ordinary	noun.act	5	the activity of causing to have energy and be active
4046	enjoyment	68	specific	noun.act	5	act of receiving pleasure from something
4047	follow-up	70	technical	noun.act	5	an activity that continues something that has already begun or that repeats something that has already been done
4048	game	44	common	noun.act	5	a contest with rules to determine a winner
4049	grouping	59	common	noun.act	5	the activity of putting things together in groups
4050	lamentation	69	specific	noun.act	5	the passionate and demonstrative activity of expressing grief
4051	last	70	technical	noun.act	5	a person's dying act; the final thing a person can do
4052	laughter	73	obscure	noun.act	5	the activity of laughing; the manifestation of joy or mirth or scorn
4053	liveliness	67	specific	noun.act	5	general activity and motion
4054	market	51	common	noun.act	5	the world of commercial activity where goods and services are bought and sold
4055	measurement	48	common	noun.act	5	the act or process of assigning numbers to phenomena according to a rule
4056	mystification	70	technical	noun.act	5	the activity of obscuring people's understanding, leaving them baffled or bewildered
4057	negotiation	73	obscure	noun.act	5	the activity or business of negotiating an agreement; coming to terms
4058	perturbation	64	ordinary	noun.event	5	activity that is a malfunction, intrusion, or interruption
4059	preparation	52	common	noun.act	5	the activity of putting or setting in order in advance of some act or purpose
4060	procedure	46	common	noun.act	5	a particular course of action intended to achieve a result
4061	protection	53	common	noun.act	5	the activity of protecting someone or something
4062	provision	53	common	noun.act	5	the activity of supplying or providing something
4063	puncture	65	ordinary	noun.act	5	the act of puncturing or perforating
4064	role	63	ordinary	noun.act	5	normal or customary activity of a person in a particular social setting
4065	search	52	common	noun.act	5	the activity of looking thoroughly in order to find something or someone
4066	sensory activity	64	ordinary	noun.act	5	activity intended to achieve a particular sensory result
4067	service	70	technical	noun.act	5	(law) the acts performed by an English feudal tenant for the benefit of their lord which formed the consideration for the property granted to them
4068	solo	69	specific	noun.act	5	any activity that is performed alone without assistance
4069	space walk	76	obscure	noun.act	5	any kind of physical activity outside a spacecraft by one of the crew
4070	styling	70	technical	noun.act	5	the act of styling hair
4071	support	68	specific	noun.act	5	the act of bearing the weight of or strengthening
4072	timekeeping	71	technical	noun.time	5	the act or process of determining the time
4073	training	53	common	noun.act	5	activity leading to skilled behavior
4074	turn	54	common	noun.act	5	(game) the activity of doing something in an agreed succession
4075	verbalization	69	specific	noun.communication	5	the activity of expressing something in words
4076	work	45	common	noun.act	5	activity directed toward making or doing something
4077	works	69	specific	noun.act	5	performance of moral or religious acts
4078	worship	58	common	noun.act	5	the activity of worshipping
4079	wrongdoing	44	common	noun.act	5	activity that transgresses moral or civil law
4080	compulsion	68	specific	noun.act	5	using force to cause something to occur
4081	inducement	67	specific	noun.act	5	act of bringing about a desired result
4082	sending	66	ordinary	noun.act	5	the act of causing something to go (especially messages)
4083	trigger	64	ordinary	noun.act	5	an act that sets in motion some course of events
4084	dissuasion	73	obscure	noun.communication	5	persuading not to do or believe something; talking someone out of a belief or an intended course of action
4085	dramaturgy	54	common	noun.communication	5	the art of writing and producing plays
4086	examination	54	common	noun.communication	5	a set of questions or exercises evaluating skill or knowledge
4087	exhortation	71	technical	noun.communication	5	a communication intended to urge or persuade the recipients to take some action
4088	expostulation	60	common	noun.communication	5	the act of expressing earnest opposition or protest
4089	intercommunication	70	technical	noun.communication	5	mutual communication; communication with each other
4090	persuasion	60	common	noun.communication	5	the act of persuading (or attempting to persuade); communication intended to induce belief or action
4091	transmission	57	common	noun.communication	5	communication by means of transmitted signals
4092	breech delivery	67	specific	noun.act	5	delivery of an infant whose feet or buttocks appear first
4093	cesarean delivery	61	ordinary	noun.act	5	the delivery of a fetus by surgical incision through the abdominal wall and uterus (from the belief that Julius Caesar was born that way)
4094	forceps delivery	76	obscure	noun.act	5	delivery in which forceps are inserted through the vagina and used to grasp the head of the fetus and pull it through the birth canal; since the forceps can injure the fetus this procedure has generally given way to cesarean deliveries
4095	midwifery	73	obscure	noun.act	5	assisting women at childbirth
